,time,prediction,location
0,2023-05-01 00:00:00,-30.794314539218554,A
720,2023-05-01 00:00:00,17.256080899864788,B
1440,2023-05-01 00:00:00,7.388420999106039,C
1,2023-05-01 01:00:00,-13.736181622266216,A
721,2023-05-01 01:00:00,17.843451569546186,B
1441,2023-05-01 01:00:00,2.8305950368015256,C
2,2023-05-01 02:00:00,2.261076920765704,A
722,2023-05-01 02:00:00,17.179053379645563,B
1442,2023-05-01 02:00:00,2.891197915810192,C
723,2023-05-01 03:00:00,10.190209778926832,B
1443,2023-05-01 03:00:00,2.9662977949654588,C
3,2023-05-01 03:00:00,61.900471990487475,A
1444,2023-05-01 04:00:00,27.82151620861315,C
4,2023-05-01 04:00:00,378.391998707324,A
724,2023-05-01 04:00:00,50.80008070590987,B
1445,2023-05-01 05:00:00,75.67654333564742,C
5,2023-05-01 05:00:00,959.6793044497033,A
725,2023-05-01 05:00:00,149.64777464811513,B
1446,2023-05-01 06:00:00,132.55958451220084,C
726,2023-05-01 06:00:00,317.96476387341045,B
6,2023-05-01 06:00:00,1833.4777604996143,A
727,2023-05-01 07:00:00,436.66892591521474,B
1447,2023-05-01 07:00:00,253.5743578576706,C
7,2023-05-01 07:00:00,2993.004374127596,A
728,2023-05-01 08:00:00,483.94736092374677,B
1448,2023-05-01 08:00:00,334.4191376969016,C
8,2023-05-01 08:00:00,2888.2170592218667,A
1449,2023-05-01 09:00:00,378.6851759688904,C
9,2023-05-01 09:00:00,2758.1517601965606,A
729,2023-05-01 09:00:00,500.143640723531,B
10,2023-05-01 10:00:00,3015.949473393765,A
730,2023-05-01 10:00:00,482.2530630550824,B
1450,2023-05-01 10:00:00,404.0551519084508,C
11,2023-05-01 11:00:00,3374.522026714911,A
731,2023-05-01 11:00:00,465.93201575214573,B
1451,2023-05-01 11:00:00,388.1186763401215,C
732,2023-05-01 12:00:00,453.94867856994085,B
1452,2023-05-01 12:00:00,272.2458208394116,C
12,2023-05-01 12:00:00,2652.0319880241977,A
1453,2023-05-01 13:00:00,292.9008817395087,C
13,2023-05-01 13:00:00,2446.809824126939,A
733,2023-05-01 13:00:00,432.54809804055776,B
1454,2023-05-01 14:00:00,378.4250891117126,C
14,2023-05-01 14:00:00,2494.293238631009,A
734,2023-05-01 14:00:00,402.6606301332609,B
15,2023-05-01 15:00:00,1699.0382486782498,A
735,2023-05-01 15:00:00,294.89246146597543,B
1455,2023-05-01 15:00:00,313.9058184613822,C
736,2023-05-01 16:00:00,194.46739443032516,B
1456,2023-05-01 16:00:00,235.14341567718148,C
16,2023-05-01 16:00:00,1301.8318963930797,A
737,2023-05-01 17:00:00,105.46122236177182,B
1457,2023-05-01 17:00:00,153.0402265658139,C
17,2023-05-01 17:00:00,646.2572937729399,A
738,2023-05-01 18:00:00,42.127837741627836,B
18,2023-05-01 18:00:00,251.28280927928373,A
1458,2023-05-01 18:00:00,80.79921742863706,C
19,2023-05-01 19:00:00,7.15796423331256,A
1459,2023-05-01 19:00:00,25.82052666226273,C
739,2023-05-01 19:00:00,10.19474325432574,B
20,2023-05-01 20:00:00,-11.283905025863396,A
1460,2023-05-01 20:00:00,13.87639465566276,C
740,2023-05-01 20:00:00,9.91517660586879,B
21,2023-05-01 21:00:00,12.6309871670811,A
1461,2023-05-01 21:00:00,12.910316580862329,C
741,2023-05-01 21:00:00,19.69260247793671,B
22,2023-05-01 22:00:00,25.478608072988116,A
1462,2023-05-01 22:00:00,12.39625679898599,C
742,2023-05-01 22:00:00,18.633581155537986,B
1463,2023-05-01 23:00:00,5.891951888220243,C
743,2023-05-01 23:00:00,18.89335225231661,B
23,2023-05-01 23:00:00,11.299177008688426,A
744,2023-05-02 00:00:00,20.611053918362792,B
1464,2023-05-02 00:00:00,10.23689054161363,C
24,2023-05-02 00:00:00,22.729512528025523,A
745,2023-05-02 01:00:00,20.77039708421069,B
1465,2023-05-02 01:00:00,5.291777142372348,C
25,2023-05-02 01:00:00,39.63322013720789,A
1466,2023-05-02 02:00:00,5.294306825722542,C
26,2023-05-02 02:00:00,59.38064049547404,A
746,2023-05-02 02:00:00,18.314213632978557,B
27,2023-05-02 03:00:00,218.42867931305722,A
747,2023-05-02 03:00:00,21.29810219065794,B
1467,2023-05-02 03:00:00,5.325566922918397,C
28,2023-05-02 04:00:00,720.8967246213265,A
748,2023-05-02 04:00:00,92.96967842164622,B
1468,2023-05-02 04:00:00,46.367531519077374,C
29,2023-05-02 05:00:00,1515.6024910336432,A
1469,2023-05-02 05:00:00,96.67471753498339,C
749,2023-05-02 05:00:00,219.3555168047666,B
1470,2023-05-02 06:00:00,148.72157627186994,C
750,2023-05-02 06:00:00,301.6374524652312,B
30,2023-05-02 06:00:00,2093.102729330808,A
1471,2023-05-02 07:00:00,251.74292108463447,C
751,2023-05-02 07:00:00,469.702275680615,B
31,2023-05-02 07:00:00,2781.930363513912,A
1472,2023-05-02 08:00:00,465.2458119702589,C
752,2023-05-02 08:00:00,607.9988120872973,B
32,2023-05-02 08:00:00,3752.0557486288026,A
1473,2023-05-02 09:00:00,561.8136071006272,C
753,2023-05-02 09:00:00,701.8502218035651,B
33,2023-05-02 09:00:00,4003.872163146099,A
1474,2023-05-02 10:00:00,596.8643512292466,C
34,2023-05-02 10:00:00,3958.228592852466,A
754,2023-05-02 10:00:00,719.1182565883349,B
35,2023-05-02 11:00:00,3864.952621681851,A
755,2023-05-02 11:00:00,749.9847962800318,B
1475,2023-05-02 11:00:00,636.1766061074094,C
36,2023-05-02 12:00:00,3672.239249549176,A
756,2023-05-02 12:00:00,719.2192945572226,B
1476,2023-05-02 12:00:00,609.8797413870554,C
757,2023-05-02 13:00:00,630.6717224282614,B
1477,2023-05-02 13:00:00,593.8739617328006,C
37,2023-05-02 13:00:00,3344.6032479674773,A
1478,2023-05-02 14:00:00,541.242574187844,C
38,2023-05-02 14:00:00,3229.6381336067748,A
758,2023-05-02 14:00:00,578.0593084060331,B
1479,2023-05-02 15:00:00,445.04044738986494,C
39,2023-05-02 15:00:00,2573.53675863219,A
759,2023-05-02 15:00:00,391.37840675802056,B
1480,2023-05-02 16:00:00,320.2407220713326,C
760,2023-05-02 16:00:00,256.2363586038597,B
40,2023-05-02 16:00:00,1640.8860891089535,A
761,2023-05-02 17:00:00,131.15229600913034,B
41,2023-05-02 17:00:00,822.630619640903,A
1481,2023-05-02 17:00:00,220.649994079126,C
762,2023-05-02 18:00:00,59.58749974959535,B
42,2023-05-02 18:00:00,384.1201194547356,A
1482,2023-05-02 18:00:00,116.79999283964203,C
763,2023-05-02 19:00:00,20.917421533361658,B
43,2023-05-02 19:00:00,121.3000474468918,A
1483,2023-05-02 19:00:00,41.24578271247036,C
764,2023-05-02 20:00:00,15.204978283203754,B
44,2023-05-02 20:00:00,78.5803939789491,A
1484,2023-05-02 20:00:00,21.21250175324645,C
765,2023-05-02 21:00:00,27.577724557598344,B
1485,2023-05-02 21:00:00,20.042722997649324,C
45,2023-05-02 21:00:00,59.526587238232494,A
1486,2023-05-02 22:00:00,15.038346904848947,C
46,2023-05-02 22:00:00,33.26044636873049,A
766,2023-05-02 22:00:00,23.336679698908927,B
1487,2023-05-02 23:00:00,9.581521292089182,C
47,2023-05-02 23:00:00,35.029243847722206,A
767,2023-05-02 23:00:00,30.398729856371187,B
48,2023-05-03 00:00:00,11.835682489660053,A
768,2023-05-03 00:00:00,21.010634933103763,B
1488,2023-05-03 00:00:00,10.582597823000025,C
769,2023-05-03 01:00:00,19.97570017493581,B
1489,2023-05-03 01:00:00,4.265168377848072,C
49,2023-05-03 01:00:00,18.10937819059999,A
770,2023-05-03 02:00:00,9.628125180838898,B
1490,2023-05-03 02:00:00,4.182567439247917,C
50,2023-05-03 02:00:00,40.923551663971615,A
771,2023-05-03 03:00:00,38.97258206626976,B
51,2023-05-03 03:00:00,333.48266790996286,A
1491,2023-05-03 03:00:00,11.519713936529847,C
52,2023-05-03 04:00:00,682.3498719776965,A
772,2023-05-03 04:00:00,122.95006524370108,B
1492,2023-05-03 04:00:00,66.8619716957301,C
53,2023-05-03 05:00:00,1534.5863690839217,A
773,2023-05-03 05:00:00,280.5022919831786,B
1493,2023-05-03 05:00:00,143.4539040703619,C
774,2023-05-03 06:00:00,489.86361510925565,B
1494,2023-05-03 06:00:00,262.0697138013375,C
54,2023-05-03 06:00:00,2429.456970890059,A
1495,2023-05-03 07:00:00,441.05074508441623,C
55,2023-05-03 07:00:00,3460.3658379995386,A
775,2023-05-03 07:00:00,687.2855679580468,B
1496,2023-05-03 08:00:00,609.5355590141619,C
56,2023-05-03 08:00:00,4169.076972556779,A
776,2023-05-03 08:00:00,843.9041906580727,B
57,2023-05-03 09:00:00,4649.048613613016,A
777,2023-05-03 09:00:00,896.767880391564,B
1497,2023-05-03 09:00:00,740.0698526907554,C
778,2023-05-03 10:00:00,980.9093774629067,B
1498,2023-05-03 10:00:00,787.7340947343407,C
58,2023-05-03 10:00:00,4800.7278481488465,A
779,2023-05-03 11:00:00,912.1823133538808,B
1499,2023-05-03 11:00:00,744.2165963077396,C
59,2023-05-03 11:00:00,4608.348287783402,A
1500,2023-05-03 12:00:00,704.6310718109975,C
60,2023-05-03 12:00:00,4195.656548656827,A
780,2023-05-03 12:00:00,812.9832286061744,B
61,2023-05-03 13:00:00,3834.847054780245,A
781,2023-05-03 13:00:00,722.0753849293675,B
1501,2023-05-03 13:00:00,659.2157345765708,C
62,2023-05-03 14:00:00,3110.420960343284,A
782,2023-05-03 14:00:00,602.1615390502797,B
1502,2023-05-03 14:00:00,564.1401836585586,C
63,2023-05-03 15:00:00,2056.949579088257,A
1503,2023-05-03 15:00:00,413.2669269551685,C
783,2023-05-03 15:00:00,402.0676518396798,B
1504,2023-05-03 16:00:00,258.2373328453169,C
784,2023-05-03 16:00:00,238.70330850526653,B
64,2023-05-03 16:00:00,1161.2121101020825,A
1505,2023-05-03 17:00:00,199.98132255809918,C
785,2023-05-03 17:00:00,137.91995249455115,B
65,2023-05-03 17:00:00,696.5380852676433,A
1506,2023-05-03 18:00:00,127.92594503472091,C
786,2023-05-03 18:00:00,63.20255322196674,B
66,2023-05-03 18:00:00,360.7587950441176,A
1507,2023-05-03 19:00:00,64.86727583697811,C
787,2023-05-03 19:00:00,16.36033185884687,B
67,2023-05-03 19:00:00,118.9560603092707,A
788,2023-05-03 20:00:00,7.225551102628186,B
68,2023-05-03 20:00:00,-16.206062288077668,A
1508,2023-05-03 20:00:00,22.212114772185345,C
69,2023-05-03 21:00:00,-36.67341502131666,A
789,2023-05-03 21:00:00,9.511818078447106,B
1509,2023-05-03 21:00:00,16.24052408015932,C
70,2023-05-03 22:00:00,-30.467380820732263,A
790,2023-05-03 22:00:00,18.43755962745248,B
1510,2023-05-03 22:00:00,16.659510981794377,C
791,2023-05-03 23:00:00,19.404536733004356,B
1511,2023-05-03 23:00:00,10.916021214473602,C
71,2023-05-03 23:00:00,-32.12160777408853,A
1512,2023-05-04 00:00:00,8.201329590775298,C
72,2023-05-04 00:00:00,2.9918621364137215,A
792,2023-05-04 00:00:00,22.282913456686412,B
1513,2023-05-04 01:00:00,2.0633390250583656,C
73,2023-05-04 01:00:00,3.962877355021887,A
793,2023-05-04 01:00:00,19.356727306426976,B
1514,2023-05-04 02:00:00,2.6787041462676457,C
794,2023-05-04 02:00:00,11.027941002611536,B
74,2023-05-04 02:00:00,28.46994380494998,A
795,2023-05-04 03:00:00,24.846826866918164,B
75,2023-05-04 03:00:00,180.51356264975436,A
1515,2023-05-04 03:00:00,2.2150994776269766,C
796,2023-05-04 04:00:00,112.74421551767489,B
76,2023-05-04 04:00:00,498.1647917487443,A
1516,2023-05-04 04:00:00,50.719612784357125,C
797,2023-05-04 05:00:00,237.7569840171737,B
77,2023-05-04 05:00:00,1316.92657159238,A
1517,2023-05-04 05:00:00,124.28781032853844,C
798,2023-05-04 06:00:00,433.9452112389953,B
78,2023-05-04 06:00:00,2449.5931449646823,A
1518,2023-05-04 06:00:00,261.29859902336386,C
799,2023-05-04 07:00:00,604.9581342273209,B
1519,2023-05-04 07:00:00,436.1816617070258,C
79,2023-05-04 07:00:00,3560.301847737711,A
1520,2023-05-04 08:00:00,549.1039283652211,C
80,2023-05-04 08:00:00,3722.3623354599767,A
800,2023-05-04 08:00:00,652.6993885234227,B
1521,2023-05-04 09:00:00,537.1668066884257,C
81,2023-05-04 09:00:00,2992.336861687696,A
801,2023-05-04 09:00:00,603.8653613690933,B
82,2023-05-04 10:00:00,3388.8277683312795,A
802,2023-05-04 10:00:00,580.4664308099888,B
1522,2023-05-04 10:00:00,540.7390704494493,C
803,2023-05-04 11:00:00,616.8026354951583,B
1523,2023-05-04 11:00:00,597.5000269109623,C
83,2023-05-04 11:00:00,3367.7790573272514,A
804,2023-05-04 12:00:00,565.4157653193539,B
1524,2023-05-04 12:00:00,565.0464753320468,C
84,2023-05-04 12:00:00,3022.3408961059476,A
805,2023-05-04 13:00:00,579.6202636711379,B
85,2023-05-04 13:00:00,2926.589542156834,A
1525,2023-05-04 13:00:00,511.1621283426028,C
86,2023-05-04 14:00:00,3026.571117982706,A
1526,2023-05-04 14:00:00,540.904413288216,C
806,2023-05-04 14:00:00,625.0343131300389,B
87,2023-05-04 15:00:00,2716.268774695628,A
1527,2023-05-04 15:00:00,501.6248286777927,C
807,2023-05-04 15:00:00,492.8209325501821,B
88,2023-05-04 16:00:00,1942.5374788327292,A
1528,2023-05-04 16:00:00,363.6631694475433,C
808,2023-05-04 16:00:00,333.69094044234123,B
89,2023-05-04 17:00:00,747.8220145722515,A
1529,2023-05-04 17:00:00,222.65824758281025,C
809,2023-05-04 17:00:00,143.7993509707384,B
1530,2023-05-04 18:00:00,124.47923941060886,C
810,2023-05-04 18:00:00,49.313036959702835,B
90,2023-05-04 18:00:00,256.9567304989016,A
811,2023-05-04 19:00:00,16.492718170878476,B
1531,2023-05-04 19:00:00,64.06010433538326,C
91,2023-05-04 19:00:00,111.182264806848,A
812,2023-05-04 20:00:00,5.2656624219234285,B
1532,2023-05-04 20:00:00,23.7135927775091,C
92,2023-05-04 20:00:00,-7.3073512021131055,A
1533,2023-05-04 21:00:00,18.599303940293183,C
93,2023-05-04 21:00:00,-39.284584903152854,A
813,2023-05-04 21:00:00,10.720179061537433,B
94,2023-05-04 22:00:00,3.5287966042516494,A
814,2023-05-04 22:00:00,21.111068374614497,B
1534,2023-05-04 22:00:00,18.29306421178568,C
95,2023-05-04 23:00:00,-38.68545513696171,A
815,2023-05-04 23:00:00,23.25908160351271,B
1535,2023-05-04 23:00:00,11.764785236302416,C
96,2023-05-05 00:00:00,-6.2343954391562795,A
1536,2023-05-05 00:00:00,8.582873979275016,C
816,2023-05-05 00:00:00,22.518897589607644,B
1537,2023-05-05 01:00:00,3.2941289943745202,C
97,2023-05-05 01:00:00,-27.625714262526323,A
817,2023-05-05 01:00:00,21.456374979877772,B
1538,2023-05-05 02:00:00,6.906374642584675,C
98,2023-05-05 02:00:00,21.33542722907915,A
818,2023-05-05 02:00:00,13.244975540772554,B
99,2023-05-05 03:00:00,275.1045870154879,A
819,2023-05-05 03:00:00,54.26786456031812,B
1539,2023-05-05 03:00:00,20.26987657017994,C
820,2023-05-05 04:00:00,136.9465997698059,B
1540,2023-05-05 04:00:00,69.66947093973253,C
100,2023-05-05 04:00:00,650.3476080857888,A
821,2023-05-05 05:00:00,266.10997823879933,B
1541,2023-05-05 05:00:00,146.58096354243062,C
101,2023-05-05 05:00:00,1583.655848258689,A
1542,2023-05-05 06:00:00,287.4209637801597,C
102,2023-05-05 06:00:00,2660.271818118465,A
822,2023-05-05 06:00:00,480.8451094030726,B
103,2023-05-05 07:00:00,3651.763292326798,A
823,2023-05-05 07:00:00,670.0099042583569,B
1543,2023-05-05 07:00:00,448.40460356093337,C
104,2023-05-05 08:00:00,4507.445049704723,A
824,2023-05-05 08:00:00,837.8070122580336,B
1544,2023-05-05 08:00:00,599.2214474744709,C
825,2023-05-05 09:00:00,842.5874794628177,B
1545,2023-05-05 09:00:00,658.6019947326361,C
105,2023-05-05 09:00:00,4557.028422565609,A
1546,2023-05-05 10:00:00,726.9521634125592,C
106,2023-05-05 10:00:00,4749.11134790132,A
826,2023-05-05 10:00:00,952.5598920129083,B
1547,2023-05-05 11:00:00,796.6190691835286,C
107,2023-05-05 11:00:00,4817.172633526533,A
827,2023-05-05 11:00:00,945.9339397566155,B
1548,2023-05-05 12:00:00,795.1229816611115,C
828,2023-05-05 12:00:00,956.7008443335526,B
108,2023-05-05 12:00:00,4563.373243129291,A
829,2023-05-05 13:00:00,819.7145300962368,B
109,2023-05-05 13:00:00,4099.146916471223,A
1549,2023-05-05 13:00:00,692.388238818236,C
830,2023-05-05 14:00:00,687.5097974045143,B
110,2023-05-05 14:00:00,3556.081394012531,A
1550,2023-05-05 14:00:00,609.7615315950569,C
831,2023-05-05 15:00:00,515.7337189522814,B
111,2023-05-05 15:00:00,3023.4383246803263,A
1551,2023-05-05 15:00:00,523.3348555173184,C
832,2023-05-05 16:00:00,325.93591567044984,B
112,2023-05-05 16:00:00,2035.184686826813,A
1552,2023-05-05 16:00:00,379.4991775682738,C
113,2023-05-05 17:00:00,1045.4026151876337,A
1553,2023-05-05 17:00:00,266.242433077517,C
833,2023-05-05 17:00:00,161.11183612697334,B
1554,2023-05-05 18:00:00,138.4606116480145,C
114,2023-05-05 18:00:00,437.8501492252026,A
834,2023-05-05 18:00:00,87.36518115849529,B
1555,2023-05-05 19:00:00,78.19783260350161,C
115,2023-05-05 19:00:00,180.7216852046973,A
835,2023-05-05 19:00:00,30.73391830109076,B
116,2023-05-05 20:00:00,-7.251185856674965,A
836,2023-05-05 20:00:00,11.63909248952626,B
1556,2023-05-05 20:00:00,29.6150770835143,C
837,2023-05-05 21:00:00,15.669180921545319,B
1557,2023-05-05 21:00:00,18.80757204597201,C
117,2023-05-05 21:00:00,-17.682678968391617,A
838,2023-05-05 22:00:00,27.48673357664385,B
1558,2023-05-05 22:00:00,18.98894414506087,C
118,2023-05-05 22:00:00,-22.597129897454867,A
839,2023-05-05 23:00:00,23.691634900209305,B
119,2023-05-05 23:00:00,-9.869220492011483,A
1559,2023-05-05 23:00:00,12.021236744402751,C
120,2023-05-06 00:00:00,-3.1122818607831015,A
1560,2023-05-06 00:00:00,9.922854594131797,C
840,2023-05-06 00:00:00,26.360488369962525,B
121,2023-05-06 01:00:00,-19.73387731143611,A
1561,2023-05-06 01:00:00,3.694742158005064,C
841,2023-05-06 01:00:00,20.769300539159445,B
122,2023-05-06 02:00:00,40.15207947739977,A
1562,2023-05-06 02:00:00,5.477175238720316,C
842,2023-05-06 02:00:00,15.07946449316527,B
123,2023-05-06 03:00:00,289.97860762361034,A
1563,2023-05-06 03:00:00,21.066810760012597,C
843,2023-05-06 03:00:00,65.48356045056799,B
124,2023-05-06 04:00:00,670.043989565666,A
844,2023-05-06 04:00:00,166.6675827478953,B
1564,2023-05-06 04:00:00,81.04502699876905,C
845,2023-05-06 05:00:00,331.6051226731465,B
1565,2023-05-06 05:00:00,163.82632628412927,C
125,2023-05-06 05:00:00,1554.0179909541407,A
846,2023-05-06 06:00:00,492.35556224810233,B
1566,2023-05-06 06:00:00,289.18897401385686,C
126,2023-05-06 06:00:00,2391.8740063811047,A
1567,2023-05-06 07:00:00,459.5379166370255,C
127,2023-05-06 07:00:00,3685.8132808919763,A
847,2023-05-06 07:00:00,690.2628290236905,B
128,2023-05-06 08:00:00,4113.773651473272,A
848,2023-05-06 08:00:00,775.4914363920886,B
1568,2023-05-06 08:00:00,579.4008617240095,C
129,2023-05-06 09:00:00,3657.5424873064403,A
849,2023-05-06 09:00:00,773.9244290760859,B
1569,2023-05-06 09:00:00,604.8428712691737,C
130,2023-05-06 10:00:00,3749.1740129912223,A
1570,2023-05-06 10:00:00,623.9001616941762,C
850,2023-05-06 10:00:00,747.538309146548,B
1571,2023-05-06 11:00:00,640.6400709490783,C
851,2023-05-06 11:00:00,740.3475575778823,B
131,2023-05-06 11:00:00,3293.2567757583392,A
1572,2023-05-06 12:00:00,625.8835565449878,C
852,2023-05-06 12:00:00,688.6254080961647,B
132,2023-05-06 12:00:00,2883.375169675669,A
1573,2023-05-06 13:00:00,620.1307897819374,C
853,2023-05-06 13:00:00,758.7578347488482,B
133,2023-05-06 13:00:00,3393.822792550783,A
1574,2023-05-06 14:00:00,547.4482621258987,C
854,2023-05-06 14:00:00,665.9624615522062,B
134,2023-05-06 14:00:00,3348.6866582337525,A
1575,2023-05-06 15:00:00,492.26113519137164,C
135,2023-05-06 15:00:00,2354.27005693338,A
855,2023-05-06 15:00:00,466.1326975435707,B
136,2023-05-06 16:00:00,1405.9208540471113,A
856,2023-05-06 16:00:00,323.2733405370926,B
1576,2023-05-06 16:00:00,345.9310725260564,C
137,2023-05-06 17:00:00,880.9902465927311,A
857,2023-05-06 17:00:00,161.70271972010826,B
1577,2023-05-06 17:00:00,218.42444573122674,C
858,2023-05-06 18:00:00,82.25915928408529,B
1578,2023-05-06 18:00:00,153.756924686524,C
138,2023-05-06 18:00:00,462.3514187398966,A
1579,2023-05-06 19:00:00,77.77692645829153,C
139,2023-05-06 19:00:00,218.83213758802285,A
859,2023-05-06 19:00:00,27.572632620142958,B
1580,2023-05-06 20:00:00,29.897892817615194,C
140,2023-05-06 20:00:00,27.874591284720317,A
860,2023-05-06 20:00:00,9.947380220738474,B
1581,2023-05-06 21:00:00,18.81556143540148,C
861,2023-05-06 21:00:00,11.348947752852913,B
141,2023-05-06 21:00:00,9.265987031821744,A
862,2023-05-06 22:00:00,21.32094966517922,B
1582,2023-05-06 22:00:00,18.46850015530574,C
142,2023-05-06 22:00:00,-8.245857230261368,A
863,2023-05-06 23:00:00,23.65475542587064,B
1583,2023-05-06 23:00:00,12.65965302548602,C
143,2023-05-06 23:00:00,-14.047278108361095,A
1584,2023-05-07 00:00:00,11.611667511900139,C
144,2023-05-07 00:00:00,-2.1824901540633865,A
864,2023-05-07 00:00:00,20.881561008390744,B
145,2023-05-07 01:00:00,9.999418837419563,A
865,2023-05-07 01:00:00,21.130929657100598,B
1585,2023-05-07 01:00:00,5.192829738467312,C
146,2023-05-07 02:00:00,71.21589084874111,A
866,2023-05-07 02:00:00,15.702118019870346,B
1586,2023-05-07 02:00:00,5.628645377325469,C
867,2023-05-07 03:00:00,64.63977619583461,B
1587,2023-05-07 03:00:00,22.68531808630106,C
147,2023-05-07 03:00:00,367.09254782415536,A
1588,2023-05-07 04:00:00,88.58395813463218,C
148,2023-05-07 04:00:00,638.6929072813657,A
868,2023-05-07 04:00:00,172.4979356687751,B
1589,2023-05-07 05:00:00,172.31425678078736,C
149,2023-05-07 05:00:00,1636.2595496294118,A
869,2023-05-07 05:00:00,341.8253489005983,B
150,2023-05-07 06:00:00,2653.8790644670826,A
870,2023-05-07 06:00:00,516.1199283891583,B
1590,2023-05-07 06:00:00,311.68197871745656,C
871,2023-05-07 07:00:00,734.6986198811085,B
1591,2023-05-07 07:00:00,498.8406016992868,C
151,2023-05-07 07:00:00,3730.914157652308,A
872,2023-05-07 08:00:00,854.8097648691634,B
1592,2023-05-07 08:00:00,645.2784066570416,C
152,2023-05-07 08:00:00,4163.200871967584,A
873,2023-05-07 09:00:00,932.2623286929584,B
153,2023-05-07 09:00:00,4484.4769406720025,A
1593,2023-05-07 09:00:00,692.9963679247875,C
154,2023-05-07 10:00:00,4217.778030593295,A
1594,2023-05-07 10:00:00,691.2787428018328,C
874,2023-05-07 10:00:00,910.8526200910277,B
155,2023-05-07 11:00:00,4119.188655264099,A
1595,2023-05-07 11:00:00,703.4640895403538,C
875,2023-05-07 11:00:00,902.447020882234,B
156,2023-05-07 12:00:00,4062.421374440549,A
1596,2023-05-07 12:00:00,701.2584012930586,C
876,2023-05-07 12:00:00,829.0055955105684,B
157,2023-05-07 13:00:00,3579.0314646015804,A
1597,2023-05-07 13:00:00,613.2378409720549,C
877,2023-05-07 13:00:00,785.0821603648468,B
1598,2023-05-07 14:00:00,543.7006945306935,C
878,2023-05-07 14:00:00,667.6379009635605,B
158,2023-05-07 14:00:00,3202.411881220849,A
879,2023-05-07 15:00:00,455.92124933604543,B
1599,2023-05-07 15:00:00,477.8613897743743,C
159,2023-05-07 15:00:00,2421.0188525897765,A
880,2023-05-07 16:00:00,322.8092458494013,B
1600,2023-05-07 16:00:00,329.85072531055135,C
160,2023-05-07 16:00:00,1596.5792567573221,A
1601,2023-05-07 17:00:00,234.76489451024185,C
161,2023-05-07 17:00:00,863.5223574718541,A
881,2023-05-07 17:00:00,162.0210347852998,B
162,2023-05-07 18:00:00,402.290468288665,A
882,2023-05-07 18:00:00,92.62489308778115,B
1602,2023-05-07 18:00:00,145.99283171193977,C
163,2023-05-07 19:00:00,153.75614983527046,A
883,2023-05-07 19:00:00,29.878835176786755,B
1603,2023-05-07 19:00:00,80.33574753228177,C
164,2023-05-07 20:00:00,12.054032979672334,A
1604,2023-05-07 20:00:00,28.354995941897215,C
884,2023-05-07 20:00:00,12.353218900618593,B
1605,2023-05-07 21:00:00,14.638582233020363,C
885,2023-05-07 21:00:00,13.431897706568595,B
165,2023-05-07 21:00:00,-18.20905976792134,A
1606,2023-05-07 22:00:00,14.581483667121422,C
886,2023-05-07 22:00:00,22.571803769796265,B
166,2023-05-07 22:00:00,1.9538893274689024,A
1607,2023-05-07 23:00:00,7.151412828704454,C
887,2023-05-07 23:00:00,20.47658548174295,B
167,2023-05-07 23:00:00,-25.727028456611304,A
1608,2023-05-08 00:00:00,7.931787493033035,C
888,2023-05-08 00:00:00,20.57270951672736,B
168,2023-05-08 00:00:00,-12.750768037260263,A
1609,2023-05-08 01:00:00,3.532167247690031,C
169,2023-05-08 01:00:00,-22.994093955502056,A
889,2023-05-08 01:00:00,18.999497849432004,B
170,2023-05-08 02:00:00,17.107503767430398,A
890,2023-05-08 02:00:00,8.585652151794745,B
1610,2023-05-08 02:00:00,3.3338132777247247,C
171,2023-05-08 03:00:00,72.22274642564003,A
891,2023-05-08 03:00:00,12.392176052783626,B
1611,2023-05-08 03:00:00,5.336095525455725,C
892,2023-05-08 04:00:00,28.834034104174144,B
1612,2023-05-08 04:00:00,17.544779060459042,C
172,2023-05-08 04:00:00,119.49486375220768,A
1613,2023-05-08 05:00:00,35.119090974729716,C
173,2023-05-08 05:00:00,234.9819688690888,A
893,2023-05-08 05:00:00,64.52774344546951,B
1614,2023-05-08 06:00:00,53.601902805150885,C
174,2023-05-08 06:00:00,289.80218543548176,A
894,2023-05-08 06:00:00,87.90374319454233,B
1615,2023-05-08 07:00:00,81.68822391951699,C
895,2023-05-08 07:00:00,133.82805943251077,B
175,2023-05-08 07:00:00,395.05444747895456,A
896,2023-05-08 08:00:00,153.34438412458368,B
176,2023-05-08 08:00:00,482.47967978523945,A
1616,2023-05-08 08:00:00,94.64142783597909,C
897,2023-05-08 09:00:00,162.07541638196315,B
177,2023-05-08 09:00:00,689.1525679952808,A
1617,2023-05-08 09:00:00,122.56685957259663,C
898,2023-05-08 10:00:00,168.5893570653303,B
178,2023-05-08 10:00:00,718.3478756385069,A
1618,2023-05-08 10:00:00,142.81182832310577,C
899,2023-05-08 11:00:00,295.6535870959175,B
179,2023-05-08 11:00:00,1318.4388670032115,A
1619,2023-05-08 11:00:00,222.4924604769191,C
900,2023-05-08 12:00:00,363.6834402092828,B
1620,2023-05-08 12:00:00,370.44685584652495,C
180,2023-05-08 12:00:00,1946.7254858515485,A
1621,2023-05-08 13:00:00,409.2297603931887,C
181,2023-05-08 13:00:00,2571.158563787257,A
901,2023-05-08 13:00:00,455.1367638192008,B
1622,2023-05-08 14:00:00,383.13397974018534,C
182,2023-05-08 14:00:00,2171.0763853188514,A
902,2023-05-08 14:00:00,401.11375934488103,B
183,2023-05-08 15:00:00,1826.389883218612,A
903,2023-05-08 15:00:00,354.4228649848582,B
1623,2023-05-08 15:00:00,333.065813037002,C
904,2023-05-08 16:00:00,273.23032395695054,B
1624,2023-05-08 16:00:00,259.5993468397477,C
184,2023-05-08 16:00:00,1030.1305961864553,A
905,2023-05-08 17:00:00,145.8454418043298,B
1625,2023-05-08 17:00:00,168.53405819728937,C
185,2023-05-08 17:00:00,639.2829075517965,A
906,2023-05-08 18:00:00,66.58530129875969,B
186,2023-05-08 18:00:00,226.74116348390376,A
1626,2023-05-08 18:00:00,120.1507324361088,C
187,2023-05-08 19:00:00,138.15140844103718,A
907,2023-05-08 19:00:00,26.846783595757483,B
1627,2023-05-08 19:00:00,71.54632454528617,C
188,2023-05-08 20:00:00,4.0514930885877,A
908,2023-05-08 20:00:00,10.338193118637285,B
1628,2023-05-08 20:00:00,29.26170626824675,C
909,2023-05-08 21:00:00,10.73703912691056,B
1629,2023-05-08 21:00:00,19.62990277263905,C
189,2023-05-08 21:00:00,-24.229737408481945,A
1630,2023-05-08 22:00:00,18.414962756954957,C
190,2023-05-08 22:00:00,-26.324659218967064,A
910,2023-05-08 22:00:00,19.55104889596703,B
1631,2023-05-08 23:00:00,11.887226960697776,C
191,2023-05-08 23:00:00,-4.665355454640058,A
911,2023-05-08 23:00:00,21.241651794526156,B
192,2023-05-09 00:00:00,8.31837004791935,A
912,2023-05-09 00:00:00,19.919194970790866,B
1632,2023-05-09 00:00:00,9.899136642672422,C
913,2023-05-09 01:00:00,19.88977489359499,B
1633,2023-05-09 01:00:00,3.847736964621364,C
193,2023-05-09 01:00:00,-0.6802027376398645,A
914,2023-05-09 02:00:00,11.185929293619271,B
1634,2023-05-09 02:00:00,5.003607509821452,C
194,2023-05-09 02:00:00,50.57286872439454,A
1635,2023-05-09 03:00:00,12.088784936793624,C
195,2023-05-09 03:00:00,229.7507911899241,A
915,2023-05-09 03:00:00,32.83193093268083,B
196,2023-05-09 04:00:00,397.93514417010067,A
916,2023-05-09 04:00:00,75.68268872534442,B
1636,2023-05-09 04:00:00,42.003619954141925,C
197,2023-05-09 05:00:00,940.9502063903277,A
917,2023-05-09 05:00:00,139.8940623060149,B
1637,2023-05-09 05:00:00,71.20231001977415,C
198,2023-05-09 06:00:00,1353.7037013750426,A
1638,2023-05-09 06:00:00,146.65527894221174,C
918,2023-05-09 06:00:00,239.50963303729478,B
1639,2023-05-09 07:00:00,316.666897918036,C
919,2023-05-09 07:00:00,404.4785367571446,B
199,2023-05-09 07:00:00,2392.9682178561143,A
1640,2023-05-09 08:00:00,402.21016378490106,C
920,2023-05-09 08:00:00,330.31966510182275,B
200,2023-05-09 08:00:00,1816.652573997459,A
1641,2023-05-09 09:00:00,413.3748765898502,C
921,2023-05-09 09:00:00,356.2341156190403,B
201,2023-05-09 09:00:00,2090.845261280404,A
1642,2023-05-09 10:00:00,426.4224979883371,C
922,2023-05-09 10:00:00,429.40665993633786,B
202,2023-05-09 10:00:00,2547.592821017895,A
923,2023-05-09 11:00:00,402.1749961950316,B
203,2023-05-09 11:00:00,1986.1811114905297,A
1643,2023-05-09 11:00:00,400.99282355542533,C
204,2023-05-09 12:00:00,2298.4190162182163,A
924,2023-05-09 12:00:00,415.36471912456454,B
1644,2023-05-09 12:00:00,463.22615673247867,C
205,2023-05-09 13:00:00,2783.267132683607,A
925,2023-05-09 13:00:00,436.22922057458527,B
1645,2023-05-09 13:00:00,513.881114607494,C
926,2023-05-09 14:00:00,375.5189148151081,B
1646,2023-05-09 14:00:00,377.3802197279628,C
206,2023-05-09 14:00:00,2087.2427786461876,A
1647,2023-05-09 15:00:00,300.6756876551348,C
207,2023-05-09 15:00:00,1150.7687953638608,A
927,2023-05-09 15:00:00,272.38072585668044,B
1648,2023-05-09 16:00:00,177.10563967462866,C
208,2023-05-09 16:00:00,721.5366061436928,A
928,2023-05-09 16:00:00,133.96131866708006,B
1649,2023-05-09 17:00:00,121.55723711879405,C
929,2023-05-09 17:00:00,92.27095989722915,B
209,2023-05-09 17:00:00,484.98233356646995,A
930,2023-05-09 18:00:00,52.93824356768257,B
1650,2023-05-09 18:00:00,85.70524859645369,C
210,2023-05-09 18:00:00,199.11430184330302,A
931,2023-05-09 19:00:00,8.322666996429124,B
1651,2023-05-09 19:00:00,35.2682752600365,C
211,2023-05-09 19:00:00,52.14452789821429,A
1652,2023-05-09 20:00:00,17.390613439751156,C
212,2023-05-09 20:00:00,-6.914700565691898,A
932,2023-05-09 20:00:00,3.117386231745244,B
213,2023-05-09 21:00:00,-35.13449016352912,A
933,2023-05-09 21:00:00,5.665855938035717,B
1653,2023-05-09 21:00:00,8.727586643638203,C
214,2023-05-09 22:00:00,-37.55284137224562,A
934,2023-05-09 22:00:00,12.050587489839604,B
1654,2023-05-09 22:00:00,8.812430848203656,C
935,2023-05-09 23:00:00,11.922936818145264,B
1655,2023-05-09 23:00:00,7.851448589879395,C
215,2023-05-09 23:00:00,-29.567393684214814,A
1656,2023-05-10 00:00:00,10.910435345139048,C
216,2023-05-10 00:00:00,9.37254184495636,A
936,2023-05-10 00:00:00,30.62826666095385,B
1657,2023-05-10 01:00:00,5.601817685200044,C
217,2023-05-10 01:00:00,29.04601669396279,A
937,2023-05-10 01:00:00,17.813939948212983,B
218,2023-05-10 02:00:00,58.83330181327657,A
938,2023-05-10 02:00:00,8.903603438197148,B
1658,2023-05-10 02:00:00,5.146572391824241,C
939,2023-05-10 03:00:00,15.145792975525655,B
1659,2023-05-10 03:00:00,7.052022652039962,C
219,2023-05-10 03:00:00,92.23119831400156,A
940,2023-05-10 04:00:00,33.934713372002015,B
1660,2023-05-10 04:00:00,20.945781493612337,C
220,2023-05-10 04:00:00,163.3262011106128,A
941,2023-05-10 05:00:00,75.75005022939007,B
221,2023-05-10 05:00:00,301.1876994472633,A
1661,2023-05-10 05:00:00,43.629486498331225,C
222,2023-05-10 06:00:00,767.1593781207542,A
1662,2023-05-10 06:00:00,93.2842218605915,C
942,2023-05-10 06:00:00,146.85095800347932,B
223,2023-05-10 07:00:00,1350.7892203612178,A
1663,2023-05-10 07:00:00,185.76341586604718,C
943,2023-05-10 07:00:00,276.6176984835261,B
224,2023-05-10 08:00:00,2284.6463876076364,A
1664,2023-05-10 08:00:00,304.321688828565,C
944,2023-05-10 08:00:00,443.4831663496472,B
225,2023-05-10 09:00:00,2230.413123118319,A
1665,2023-05-10 09:00:00,287.09888136166586,C
945,2023-05-10 09:00:00,437.9795068502639,B
226,2023-05-10 10:00:00,1769.7380268947031,A
946,2023-05-10 10:00:00,444.5431007539044,B
1666,2023-05-10 10:00:00,308.4268812370595,C
947,2023-05-10 11:00:00,456.57894908885567,B
1667,2023-05-10 11:00:00,304.864939712878,C
227,2023-05-10 11:00:00,1991.5805609514646,A
948,2023-05-10 12:00:00,317.74856535560923,B
1668,2023-05-10 12:00:00,297.80525289848987,C
228,2023-05-10 12:00:00,1473.6756026718847,A
1669,2023-05-10 13:00:00,246.4722548215437,C
229,2023-05-10 13:00:00,1091.7382373091418,A
949,2023-05-10 13:00:00,258.05601623083027,B
230,2023-05-10 14:00:00,710.5377155520011,A
950,2023-05-10 14:00:00,206.97456327872388,B
1670,2023-05-10 14:00:00,174.58978472369668,C
231,2023-05-10 15:00:00,607.5480512428995,A
951,2023-05-10 15:00:00,167.71194222605013,B
1671,2023-05-10 15:00:00,151.55678462599826,C
232,2023-05-10 16:00:00,523.4486261615419,A
1672,2023-05-10 16:00:00,119.97467493761951,C
952,2023-05-10 16:00:00,100.64425630509737,B
1673,2023-05-10 17:00:00,98.5288583459363,C
233,2023-05-10 17:00:00,257.42764444436307,A
953,2023-05-10 17:00:00,72.08438067693852,B
1674,2023-05-10 18:00:00,80.99839745991768,C
234,2023-05-10 18:00:00,203.84577028775357,A
954,2023-05-10 18:00:00,47.92734527637136,B
235,2023-05-10 19:00:00,55.275703261388244,A
955,2023-05-10 19:00:00,12.88752972128547,B
1675,2023-05-10 19:00:00,42.86971715722099,C
956,2023-05-10 20:00:00,9.317459973512701,B
1676,2023-05-10 20:00:00,17.94471876057416,C
236,2023-05-10 20:00:00,2.1593683732442686,A
957,2023-05-10 21:00:00,10.839878172365479,B
1677,2023-05-10 21:00:00,13.906123748353028,C
237,2023-05-10 21:00:00,3.661217170529042,A
1678,2023-05-10 22:00:00,18.96265774161667,C
238,2023-05-10 22:00:00,-26.939546335274837,A
958,2023-05-10 22:00:00,24.819939698120947,B
239,2023-05-10 23:00:00,3.5250756351097294,A
959,2023-05-10 23:00:00,21.35141784580087,B
1679,2023-05-10 23:00:00,11.609492557273194,C
240,2023-05-11 00:00:00,1.2497150521089115,A
960,2023-05-11 00:00:00,19.764492207321954,B
1680,2023-05-11 00:00:00,10.681606358342142,C
961,2023-05-11 01:00:00,25.745113961710036,B
1681,2023-05-11 01:00:00,4.414212327261696,C
241,2023-05-11 01:00:00,32.964945792109326,A
1682,2023-05-11 02:00:00,3.5158608287612827,C
242,2023-05-11 02:00:00,67.87379483107259,A
962,2023-05-11 02:00:00,9.290025344167466,B
1683,2023-05-11 03:00:00,5.874721389285352,C
243,2023-05-11 03:00:00,122.01421604717814,A
963,2023-05-11 03:00:00,19.025613795088557,B
1684,2023-05-11 04:00:00,29.764972195399764,C
964,2023-05-11 04:00:00,55.065223047878405,B
244,2023-05-11 04:00:00,283.34204106195557,A
965,2023-05-11 05:00:00,149.70537276732006,B
245,2023-05-11 05:00:00,984.7014456926938,A
1685,2023-05-11 05:00:00,68.29496936760614,C
966,2023-05-11 06:00:00,247.71261042455544,B
246,2023-05-11 06:00:00,1530.8316191499846,A
1686,2023-05-11 06:00:00,131.6168739862577,C
967,2023-05-11 07:00:00,407.84428744046966,B
247,2023-05-11 07:00:00,2236.179110595241,A
1687,2023-05-11 07:00:00,298.72052860203473,C
968,2023-05-11 08:00:00,377.8071021356021,B
248,2023-05-11 08:00:00,2247.7039611558844,A
1688,2023-05-11 08:00:00,320.07582174073997,C
249,2023-05-11 09:00:00,1510.103747067791,A
1689,2023-05-11 09:00:00,165.79797822011398,C
969,2023-05-11 09:00:00,228.34590156946155,B
1690,2023-05-11 10:00:00,159.61332248603156,C
250,2023-05-11 10:00:00,1373.6276746828203,A
970,2023-05-11 10:00:00,212.77226398166562,B
1691,2023-05-11 11:00:00,279.8757431716652,C
251,2023-05-11 11:00:00,1598.7227244210699,A
971,2023-05-11 11:00:00,221.33416499204108,B
252,2023-05-11 12:00:00,1922.5877371657418,A
972,2023-05-11 12:00:00,323.97435577712287,B
1692,2023-05-11 12:00:00,342.27064572675107,C
973,2023-05-11 13:00:00,332.32381670233184,B
1693,2023-05-11 13:00:00,297.67553234642975,C
253,2023-05-11 13:00:00,2034.2448277012354,A
974,2023-05-11 14:00:00,304.18623872436444,B
1694,2023-05-11 14:00:00,315.5435965457947,C
254,2023-05-11 14:00:00,1918.2175889342714,A
975,2023-05-11 15:00:00,288.40314252027264,B
255,2023-05-11 15:00:00,1979.2850652054997,A
1695,2023-05-11 15:00:00,329.9686715552976,C
256,2023-05-11 16:00:00,1256.289818265867,A
1696,2023-05-11 16:00:00,295.8065777738217,C
976,2023-05-11 16:00:00,276.6573436655345,B
257,2023-05-11 17:00:00,859.1121413969058,A
1697,2023-05-11 17:00:00,229.52970755127845,C
977,2023-05-11 17:00:00,164.50031465314103,B
258,2023-05-11 18:00:00,485.82545460938246,A
1698,2023-05-11 18:00:00,151.09292209437618,C
978,2023-05-11 18:00:00,101.70114937160903,B
259,2023-05-11 19:00:00,234.46020641151193,A
1699,2023-05-11 19:00:00,79.9821783177186,C
979,2023-05-11 19:00:00,33.04463816127014,B
260,2023-05-11 20:00:00,30.73806508462507,A
980,2023-05-11 20:00:00,10.529899552674133,B
1700,2023-05-11 20:00:00,27.246348056950062,C
981,2023-05-11 21:00:00,12.121333820679098,B
1701,2023-05-11 21:00:00,13.330540681010799,C
261,2023-05-11 21:00:00,-25.0133769417159,A
982,2023-05-11 22:00:00,20.201168343819923,B
1702,2023-05-11 22:00:00,12.906219426433902,C
262,2023-05-11 22:00:00,-45.144423257408896,A
1703,2023-05-11 23:00:00,8.584990694465246,C
263,2023-05-11 23:00:00,-45.75499736133452,A
983,2023-05-11 23:00:00,20.110143229164073,B
264,2023-05-12 00:00:00,-10.449813782010754,A
984,2023-05-12 00:00:00,19.49975251398374,B
1704,2023-05-12 00:00:00,7.909076195585699,C
265,2023-05-12 01:00:00,14.533550468848864,A
985,2023-05-12 01:00:00,20.946494670984904,B
1705,2023-05-12 01:00:00,3.420520393415829,C
266,2023-05-12 02:00:00,112.7824867758352,A
1706,2023-05-12 02:00:00,3.8633529176361066,C
986,2023-05-12 02:00:00,13.24405635952212,B
1707,2023-05-12 03:00:00,14.202025468594698,C
987,2023-05-12 03:00:00,37.12139352066992,B
267,2023-05-12 03:00:00,212.45579239827785,A
1708,2023-05-12 04:00:00,53.411918331050614,C
988,2023-05-12 04:00:00,89.85489761678409,B
268,2023-05-12 04:00:00,415.14881183089574,A
1709,2023-05-12 05:00:00,97.8418078551485,C
989,2023-05-12 05:00:00,175.51351498220126,B
269,2023-05-12 05:00:00,959.1760502618729,A
1710,2023-05-12 06:00:00,149.8083660131681,C
990,2023-05-12 06:00:00,261.18179356027986,B
270,2023-05-12 06:00:00,1180.7539363215885,A
991,2023-05-12 07:00:00,310.1564823040502,B
271,2023-05-12 07:00:00,1341.9350052602413,A
1711,2023-05-12 07:00:00,261.3983633896611,C
272,2023-05-12 08:00:00,1595.014155372485,A
992,2023-05-12 08:00:00,404.2320782312737,B
1712,2023-05-12 08:00:00,307.0319587253736,C
273,2023-05-12 09:00:00,1626.6731184586683,A
993,2023-05-12 09:00:00,437.3132713187173,B
1713,2023-05-12 09:00:00,379.44052020460265,C
994,2023-05-12 10:00:00,489.6969012708465,B
1714,2023-05-12 10:00:00,388.23968961874874,C
274,2023-05-12 10:00:00,1813.1844018325398,A
1715,2023-05-12 11:00:00,377.0365949651851,C
275,2023-05-12 11:00:00,1606.613128048793,A
995,2023-05-12 11:00:00,452.96371259727005,B
1716,2023-05-12 12:00:00,345.4146463000412,C
276,2023-05-12 12:00:00,1389.108368831398,A
996,2023-05-12 12:00:00,381.26401527597045,B
1717,2023-05-12 13:00:00,313.0277826479678,C
997,2023-05-12 13:00:00,322.03194319193847,B
277,2023-05-12 13:00:00,1022.9496381073652,A
998,2023-05-12 14:00:00,264.3878811616058,B
1718,2023-05-12 14:00:00,302.9197910883167,C
278,2023-05-12 14:00:00,1127.5024274419402,A
999,2023-05-12 15:00:00,204.71837848567617,B
1719,2023-05-12 15:00:00,281.3027248937291,C
279,2023-05-12 15:00:00,858.9410040430128,A
1720,2023-05-12 16:00:00,212.43484109565975,C
280,2023-05-12 16:00:00,428.8173068982175,A
1000,2023-05-12 16:00:00,159.25824799836298,B
281,2023-05-12 17:00:00,429.89902843938427,A
1001,2023-05-12 17:00:00,100.89430752665331,B
1721,2023-05-12 17:00:00,145.30077682314428,C
282,2023-05-12 18:00:00,258.95779107730357,A
1002,2023-05-12 18:00:00,52.953834672619486,B
1722,2023-05-12 18:00:00,93.63762994065969,C
1003,2023-05-12 19:00:00,18.560031185506553,B
1723,2023-05-12 19:00:00,45.51761954445082,C
283,2023-05-12 19:00:00,48.349742399117055,A
1724,2023-05-12 20:00:00,25.73783396686199,C
284,2023-05-12 20:00:00,3.8961681625303464,A
1004,2023-05-12 20:00:00,9.710351752383238,B
1725,2023-05-12 21:00:00,18.2098421222573,C
285,2023-05-12 21:00:00,17.814215491326873,A
1005,2023-05-12 21:00:00,10.128741576499257,B
286,2023-05-12 22:00:00,-49.622945619381774,A
1006,2023-05-12 22:00:00,11.879294979404019,B
1726,2023-05-12 22:00:00,18.56532890994906,C
1007,2023-05-12 23:00:00,17.236768088200265,B
1727,2023-05-12 23:00:00,8.655077038529674,C
287,2023-05-12 23:00:00,-28.50718822254563,A
1008,2023-05-13 00:00:00,21.414068132390277,B
1728,2023-05-13 00:00:00,10.351449676386697,C
288,2023-05-13 00:00:00,-15.998840457402167,A
1009,2023-05-13 01:00:00,14.08397216493861,B
289,2023-05-13 01:00:00,-2.238456546626112,A
1729,2023-05-13 01:00:00,4.990061022046585,C
290,2023-05-13 02:00:00,83.59412162781808,A
1730,2023-05-13 02:00:00,4.146320401452355,C
1010,2023-05-13 02:00:00,17.737632229176246,B
291,2023-05-13 03:00:00,215.12571217102428,A
1731,2023-05-13 03:00:00,14.671316092656522,C
1011,2023-05-13 03:00:00,39.74420297456358,B
292,2023-05-13 04:00:00,406.8451660858285,A
1732,2023-05-13 04:00:00,45.35495271968758,C
1012,2023-05-13 04:00:00,93.02940092653681,B
293,2023-05-13 05:00:00,924.3196638131425,A
1733,2023-05-13 05:00:00,96.31153513317875,C
1013,2023-05-13 05:00:00,177.7361126550152,B
1734,2023-05-13 06:00:00,158.37869049723216,C
1014,2023-05-13 06:00:00,320.4870181547244,B
294,2023-05-13 06:00:00,1504.0560218820292,A
1015,2023-05-13 07:00:00,353.73019842499843,B
1735,2023-05-13 07:00:00,269.26418014929175,C
295,2023-05-13 07:00:00,1740.273047287239,A
1016,2023-05-13 08:00:00,395.1869999939203,B
1736,2023-05-13 08:00:00,367.051647513661,C
296,2023-05-13 08:00:00,1678.27963465932,A
1737,2023-05-13 09:00:00,414.69026812912307,C
297,2023-05-13 09:00:00,2022.1959923950897,A
1017,2023-05-13 09:00:00,429.215096583691,B
298,2023-05-13 10:00:00,2073.0230987475074,A
1018,2023-05-13 10:00:00,425.9715472712611,B
1738,2023-05-13 10:00:00,395.63380591866314,C
299,2023-05-13 11:00:00,1812.1381436976983,A
1019,2023-05-13 11:00:00,411.25802097204223,B
1739,2023-05-13 11:00:00,396.9533706786762,C
300,2023-05-13 12:00:00,1493.2899468959858,A
1740,2023-05-13 12:00:00,304.91625676067144,C
1020,2023-05-13 12:00:00,387.96965408227754,B
1741,2023-05-13 13:00:00,281.8914678249276,C
1021,2023-05-13 13:00:00,364.31031441460954,B
301,2023-05-13 13:00:00,1564.3768181883843,A
1742,2023-05-13 14:00:00,276.6160421561695,C
1022,2023-05-13 14:00:00,341.85428310339597,B
302,2023-05-13 14:00:00,1657.1726696966223,A
1743,2023-05-13 15:00:00,278.9273715908576,C
1023,2023-05-13 15:00:00,289.2441375275303,B
303,2023-05-13 15:00:00,1417.086593379779,A
1744,2023-05-13 16:00:00,210.53171963884932,C
1024,2023-05-13 16:00:00,211.8295466417805,B
304,2023-05-13 16:00:00,1107.1287041271505,A
1745,2023-05-13 17:00:00,169.26663935357385,C
305,2023-05-13 17:00:00,960.7881716958864,A
1025,2023-05-13 17:00:00,145.02482240572823,B
306,2023-05-13 18:00:00,422.0483803920788,A
1026,2023-05-13 18:00:00,86.12050623076507,B
1746,2023-05-13 18:00:00,115.63128837758093,C
307,2023-05-13 19:00:00,170.03001272809294,A
1027,2023-05-13 19:00:00,32.74343998093596,B
1747,2023-05-13 19:00:00,70.43712698382399,C
1028,2023-05-13 20:00:00,12.557602765755064,B
1748,2023-05-13 20:00:00,26.348162119253526,C
308,2023-05-13 20:00:00,8.22395827153197,A
1749,2023-05-13 21:00:00,13.110168944373843,C
309,2023-05-13 21:00:00,-13.332267211279552,A
1029,2023-05-13 21:00:00,17.325744318083373,B
1750,2023-05-13 22:00:00,12.687337997980498,C
310,2023-05-13 22:00:00,-32.76011365835133,A
1030,2023-05-13 22:00:00,24.714406047824564,B
1751,2023-05-13 23:00:00,8.632313894747638,C
1031,2023-05-13 23:00:00,22.8986639633143,B
311,2023-05-13 23:00:00,-11.233259619066505,A
1032,2023-05-14 00:00:00,20.65499019276993,B
312,2023-05-14 00:00:00,-12.003147411431968,A
1752,2023-05-14 00:00:00,8.253676230892593,C
1033,2023-05-14 01:00:00,11.67952931734151,B
313,2023-05-14 01:00:00,-12.374426915144758,A
1753,2023-05-14 01:00:00,2.7052730168439743,C
1034,2023-05-14 02:00:00,13.485568292645315,B
314,2023-05-14 02:00:00,54.852774578431664,A
1754,2023-05-14 02:00:00,2.671782755414439,C
1035,2023-05-14 03:00:00,45.74665823041686,B
315,2023-05-14 03:00:00,232.05345342253003,A
1755,2023-05-14 03:00:00,16.870970325059908,C
1036,2023-05-14 04:00:00,122.49083136876186,B
1756,2023-05-14 04:00:00,56.75654290896106,C
316,2023-05-14 04:00:00,441.9346792316517,A
1757,2023-05-14 05:00:00,110.35881601279502,C
317,2023-05-14 05:00:00,713.0416282656396,A
1037,2023-05-14 05:00:00,210.0262919383894,B
1758,2023-05-14 06:00:00,171.007236874248,C
318,2023-05-14 06:00:00,1123.019021799832,A
1038,2023-05-14 06:00:00,312.7037325375747,B
319,2023-05-14 07:00:00,1761.7207467063176,A
1039,2023-05-14 07:00:00,365.53026362013327,B
1759,2023-05-14 07:00:00,296.2737687857232,C
1040,2023-05-14 08:00:00,519.2130877015345,B
1760,2023-05-14 08:00:00,431.330527909161,C
320,2023-05-14 08:00:00,2703.9152767821793,A
1041,2023-05-14 09:00:00,586.2508115602253,B
1761,2023-05-14 09:00:00,481.43335410563014,C
321,2023-05-14 09:00:00,2721.6748373655973,A
1042,2023-05-14 10:00:00,636.8230067193942,B
322,2023-05-14 10:00:00,2996.898049371307,A
1762,2023-05-14 10:00:00,449.1465827971318,C
323,2023-05-14 11:00:00,2727.876227012889,A
1043,2023-05-14 11:00:00,577.4540597572463,B
1763,2023-05-14 11:00:00,444.6380054391728,C
324,2023-05-14 12:00:00,2013.0661864152833,A
1044,2023-05-14 12:00:00,519.4915679576252,B
1764,2023-05-14 12:00:00,402.012032683137,C
1045,2023-05-14 13:00:00,442.37702593911115,B
1765,2023-05-14 13:00:00,364.54865235850684,C
325,2023-05-14 13:00:00,1761.2467559921927,A
1766,2023-05-14 14:00:00,270.9238396072844,C
326,2023-05-14 14:00:00,1402.0337334784301,A
1046,2023-05-14 14:00:00,308.430165344958,B
1767,2023-05-14 15:00:00,178.91851757214675,C
327,2023-05-14 15:00:00,966.6627374567931,A
1047,2023-05-14 15:00:00,202.55274140159366,B
328,2023-05-14 16:00:00,800.8614797754406,A
1048,2023-05-14 16:00:00,140.80702577369698,B
1768,2023-05-14 16:00:00,146.07982040121504,C
1049,2023-05-14 17:00:00,88.9405416630903,B
1769,2023-05-14 17:00:00,110.9092582804969,C
329,2023-05-14 17:00:00,487.56225509780177,A
1050,2023-05-14 18:00:00,46.73186795579607,B
1770,2023-05-14 18:00:00,72.12643181494242,C
330,2023-05-14 18:00:00,193.82033839023666,A
1771,2023-05-14 19:00:00,41.78508421379185,C
331,2023-05-14 19:00:00,70.62937673060006,A
1051,2023-05-14 19:00:00,21.85171778791646,B
332,2023-05-14 20:00:00,32.39313437243802,A
1052,2023-05-14 20:00:00,11.354183771476496,B
1772,2023-05-14 20:00:00,20.231066511175175,C
333,2023-05-14 21:00:00,-0.2479344081872597,A
1053,2023-05-14 21:00:00,10.469900210212808,B
1773,2023-05-14 21:00:00,12.15541659073953,C
334,2023-05-14 22:00:00,-10.768975125673776,A
1774,2023-05-14 22:00:00,12.77777473677435,C
1054,2023-05-14 22:00:00,16.86517241548938,B
1775,2023-05-14 23:00:00,7.9685475369188365,C
1055,2023-05-14 23:00:00,20.206352857159377,B
335,2023-05-14 23:00:00,5.813192142005595,A
1776,2023-05-15 00:00:00,6.522848448542435,C
1056,2023-05-15 00:00:00,19.6809256344659,B
336,2023-05-15 00:00:00,24.31694223860063,A
1777,2023-05-15 01:00:00,3.1401470524947834,C
1057,2023-05-15 01:00:00,9.57567797437183,B
337,2023-05-15 01:00:00,32.61236719260667,A
1778,2023-05-15 02:00:00,3.601530417089792,C
1058,2023-05-15 02:00:00,8.571861949257636,B
338,2023-05-15 02:00:00,60.645222503342914,A
1059,2023-05-15 03:00:00,19.001115112669886,B
339,2023-05-15 03:00:00,90.25241817365232,A
1779,2023-05-15 03:00:00,6.6902533194488285,C
340,2023-05-15 04:00:00,248.4107310346124,A
1060,2023-05-15 04:00:00,58.8419424257693,B
1780,2023-05-15 04:00:00,27.035103170109164,C
341,2023-05-15 05:00:00,560.9101646845817,A
1061,2023-05-15 05:00:00,116.0616021075851,B
1781,2023-05-15 05:00:00,57.277113313585275,C
1062,2023-05-15 06:00:00,171.87353407365123,B
1782,2023-05-15 06:00:00,97.96266175141722,C
342,2023-05-15 06:00:00,788.4817905775033,A
1783,2023-05-15 07:00:00,139.83253812503875,C
343,2023-05-15 07:00:00,956.5976390149588,A
1063,2023-05-15 07:00:00,230.05738653079817,B
1784,2023-05-15 08:00:00,182.21285014654225,C
344,2023-05-15 08:00:00,1237.9319824504425,A
1064,2023-05-15 08:00:00,287.6506972821312,B
1785,2023-05-15 09:00:00,208.56741637767223,C
1065,2023-05-15 09:00:00,335.4771899757531,B
345,2023-05-15 09:00:00,1512.018273409983,A
1066,2023-05-15 10:00:00,339.18753468915816,B
346,2023-05-15 10:00:00,1402.8167226893622,A
1786,2023-05-15 10:00:00,239.31836275778605,C
1067,2023-05-15 11:00:00,378.5991321657411,B
347,2023-05-15 11:00:00,1573.9581133526244,A
1787,2023-05-15 11:00:00,252.8957488422759,C
1068,2023-05-15 12:00:00,329.4183407530172,B
348,2023-05-15 12:00:00,1347.5968384627508,A
1788,2023-05-15 12:00:00,231.24402680058097,C
1069,2023-05-15 13:00:00,274.4958747271408,B
349,2023-05-15 13:00:00,1295.3881394034183,A
1789,2023-05-15 13:00:00,202.4918534173689,C
1070,2023-05-15 14:00:00,246.24807030241723,B
1790,2023-05-15 14:00:00,194.61014887765418,C
350,2023-05-15 14:00:00,1151.031839795145,A
1791,2023-05-15 15:00:00,191.33983004684103,C
1071,2023-05-15 15:00:00,220.88508590762916,B
351,2023-05-15 15:00:00,1001.450471982485,A
1792,2023-05-15 16:00:00,164.02392360546247,C
1072,2023-05-15 16:00:00,158.55531121304895,B
352,2023-05-15 16:00:00,797.3759370069098,A
1793,2023-05-15 17:00:00,139.03645153658277,C
1073,2023-05-15 17:00:00,107.82988596879866,B
353,2023-05-15 17:00:00,502.8249941055822,A
1794,2023-05-15 18:00:00,93.02583425478073,C
1074,2023-05-15 18:00:00,61.20746985687415,B
354,2023-05-15 18:00:00,285.33628295003376,A
1795,2023-05-15 19:00:00,55.81323245273452,C
1075,2023-05-15 19:00:00,25.468246194662328,B
355,2023-05-15 19:00:00,172.0165221869314,A
356,2023-05-15 20:00:00,72.99435790148598,A
1796,2023-05-15 20:00:00,26.855750190368564,C
1076,2023-05-15 20:00:00,10.780737725939257,B
357,2023-05-15 21:00:00,45.82876363054249,A
1797,2023-05-15 21:00:00,13.559282339551467,C
1077,2023-05-15 21:00:00,13.466245195761076,B
358,2023-05-15 22:00:00,28.50242038480647,A
1798,2023-05-15 22:00:00,13.963257258414151,C
1078,2023-05-15 22:00:00,21.178585742734164,B
1799,2023-05-15 23:00:00,7.268732161360246,C
1079,2023-05-15 23:00:00,19.134268164469383,B
359,2023-05-15 23:00:00,-8.422371407940826,A
1080,2023-05-16 00:00:00,22.625381431051373,B
1800,2023-05-16 00:00:00,7.783108268132892,C
360,2023-05-16 00:00:00,14.965082922302713,A
1081,2023-05-16 01:00:00,8.73340818110179,B
1801,2023-05-16 01:00:00,2.5972142602335913,C
361,2023-05-16 01:00:00,22.80386196419507,A
362,2023-05-16 02:00:00,60.86638668129025,A
1082,2023-05-16 02:00:00,7.802851972031735,B
1802,2023-05-16 02:00:00,2.763293603007913,C
1083,2023-05-16 03:00:00,31.541470478980113,B
1803,2023-05-16 03:00:00,10.40756769115404,C
363,2023-05-16 03:00:00,181.96496390094472,A
1804,2023-05-16 04:00:00,39.83806643747137,C
364,2023-05-16 04:00:00,350.236900789425,A
1084,2023-05-16 04:00:00,74.27941853880411,B
1085,2023-05-16 05:00:00,114.99469887840375,B
1805,2023-05-16 05:00:00,60.561311825879386,C
365,2023-05-16 05:00:00,641.0379861693575,A
366,2023-05-16 06:00:00,956.5677881225363,A
1086,2023-05-16 06:00:00,177.464171903582,B
1806,2023-05-16 06:00:00,91.06434171835338,C
367,2023-05-16 07:00:00,1062.8091192715733,A
1807,2023-05-16 07:00:00,160.64563479083589,C
1087,2023-05-16 07:00:00,295.85259289046655,B
1088,2023-05-16 08:00:00,435.2388634879555,B
368,2023-05-16 08:00:00,1707.9387495879987,A
1808,2023-05-16 08:00:00,232.05147668058834,C
369,2023-05-16 09:00:00,2103.68186449727,A
1809,2023-05-16 09:00:00,349.8562177675738,C
1089,2023-05-16 09:00:00,489.79305717403383,B
1090,2023-05-16 10:00:00,511.8202135709304,B
370,2023-05-16 10:00:00,2041.7630051537049,A
1810,2023-05-16 10:00:00,396.134269562201,C
1091,2023-05-16 11:00:00,537.4117849395335,B
371,2023-05-16 11:00:00,2475.782033817037,A
1811,2023-05-16 11:00:00,411.5890283015741,C
372,2023-05-16 12:00:00,2068.8275038764777,A
1812,2023-05-16 12:00:00,403.65868615384545,C
1092,2023-05-16 12:00:00,496.9773707701327,B
1093,2023-05-16 13:00:00,420.8352636599602,B
373,2023-05-16 13:00:00,1853.1684272852847,A
1813,2023-05-16 13:00:00,388.9910380427552,C
374,2023-05-16 14:00:00,1272.5853778481764,A
1814,2023-05-16 14:00:00,288.19143085818587,C
1094,2023-05-16 14:00:00,312.50410972893445,B
1815,2023-05-16 15:00:00,238.27047818411015,C
1095,2023-05-16 15:00:00,242.20972521091167,B
375,2023-05-16 15:00:00,1047.2582025641623,A
1096,2023-05-16 16:00:00,200.59657206649473,B
376,2023-05-16 16:00:00,965.1966111495958,A
1816,2023-05-16 16:00:00,220.4090458215669,C
1817,2023-05-16 17:00:00,188.11798897972932,C
1097,2023-05-16 17:00:00,168.02009014393667,B
377,2023-05-16 17:00:00,692.1964314085361,A
378,2023-05-16 18:00:00,337.7825870287947,A
1818,2023-05-16 18:00:00,129.93578300518587,C
1098,2023-05-16 18:00:00,85.02555676412874,B
379,2023-05-16 19:00:00,92.89902529772266,A
1099,2023-05-16 19:00:00,21.550243802433354,B
1819,2023-05-16 19:00:00,63.43563347922371,C
380,2023-05-16 20:00:00,-3.814611002117586,A
1820,2023-05-16 20:00:00,25.854595332518876,C
1100,2023-05-16 20:00:00,4.6806199231942225,B
1821,2023-05-16 21:00:00,13.721023507689484,C
381,2023-05-16 21:00:00,-6.203435406832396,A
1101,2023-05-16 21:00:00,7.342691579594219,B
1102,2023-05-16 22:00:00,17.460338307050606,B
1822,2023-05-16 22:00:00,13.168949032789133,C
382,2023-05-16 22:00:00,-8.639725962281123,A
1103,2023-05-16 23:00:00,17.875283434824162,B
1823,2023-05-16 23:00:00,9.388287218489998,C
383,2023-05-16 23:00:00,-19.375833142033436,A
384,2023-05-17 00:00:00,1.440815836254729,A
1104,2023-05-17 00:00:00,23.243687117315822,B
1824,2023-05-17 00:00:00,11.527782473543983,C
385,2023-05-17 01:00:00,5.789405852850527,A
1825,2023-05-17 01:00:00,5.82072381468946,C
1105,2023-05-17 01:00:00,15.304673114675609,B
1826,2023-05-17 02:00:00,5.947920554075354,C
386,2023-05-17 02:00:00,57.359489812751534,A
1106,2023-05-17 02:00:00,10.748288203930738,B
1827,2023-05-17 03:00:00,10.58753499166792,C
387,2023-05-17 03:00:00,111.10189539921882,A
1107,2023-05-17 03:00:00,23.300705592797733,B
1828,2023-05-17 04:00:00,35.63164679422685,C
1108,2023-05-17 04:00:00,53.89145317862186,B
388,2023-05-17 04:00:00,252.94869817909012,A
1829,2023-05-17 05:00:00,63.75374796444188,C
1109,2023-05-17 05:00:00,105.67327964166266,B
389,2023-05-17 05:00:00,534.1188359882319,A
390,2023-05-17 06:00:00,562.9567810849866,A
1110,2023-05-17 06:00:00,156.5664227514026,B
1830,2023-05-17 06:00:00,86.5556801771398,C
1111,2023-05-17 07:00:00,197.249440084304,B
391,2023-05-17 07:00:00,723.6003414989134,A
1831,2023-05-17 07:00:00,116.64990396241937,C
1112,2023-05-17 08:00:00,239.0333450077043,B
392,2023-05-17 08:00:00,1100.145418238989,A
1832,2023-05-17 08:00:00,141.47166064543796,C
393,2023-05-17 09:00:00,1433.2049437665596,A
1833,2023-05-17 09:00:00,219.4372656017994,C
1113,2023-05-17 09:00:00,273.37122863150194,B
394,2023-05-17 10:00:00,1565.8175458334445,A
1114,2023-05-17 10:00:00,333.90817749305586,B
1834,2023-05-17 10:00:00,248.35284053548713,C
1835,2023-05-17 11:00:00,242.97310587915786,C
395,2023-05-17 11:00:00,1691.4785718349435,A
1115,2023-05-17 11:00:00,350.4769492185586,B
1836,2023-05-17 12:00:00,241.09998683676417,C
1116,2023-05-17 12:00:00,387.5970775644454,B
396,2023-05-17 12:00:00,1619.7249130774853,A
1117,2023-05-17 13:00:00,328.9752574599191,B
397,2023-05-17 13:00:00,1550.39329209097,A
1837,2023-05-17 13:00:00,258.2048792885998,C
1118,2023-05-17 14:00:00,297.0042288319747,B
1838,2023-05-17 14:00:00,216.5796668053969,C
398,2023-05-17 14:00:00,1298.402618530858,A
399,2023-05-17 15:00:00,937.9671407546105,A
1119,2023-05-17 15:00:00,216.6740597636618,B
1839,2023-05-17 15:00:00,198.11060497785442,C
1840,2023-05-17 16:00:00,159.57533044050052,C
1120,2023-05-17 16:00:00,193.27148874934363,B
400,2023-05-17 16:00:00,868.7210011727778,A
1841,2023-05-17 17:00:00,176.44183390586272,C
401,2023-05-17 17:00:00,854.5397375060795,A
1121,2023-05-17 17:00:00,159.6071702980418,B
402,2023-05-17 18:00:00,472.9664388099568,A
1122,2023-05-17 18:00:00,110.5854064059669,B
1842,2023-05-17 18:00:00,140.25771271783591,C
403,2023-05-17 19:00:00,234.2263277128301,A
1843,2023-05-17 19:00:00,94.7459403712206,C
1123,2023-05-17 19:00:00,50.368844345361396,B
1844,2023-05-17 20:00:00,51.80237450022109,C
404,2023-05-17 20:00:00,61.292213205634674,A
1124,2023-05-17 20:00:00,14.177575637474694,B
405,2023-05-17 21:00:00,-29.352193460967207,A
1125,2023-05-17 21:00:00,12.431955611301296,B
1845,2023-05-17 21:00:00,20.669901823753587,C
1846,2023-05-17 22:00:00,16.51382165155454,C
1126,2023-05-17 22:00:00,12.656256760979712,B
406,2023-05-17 22:00:00,-33.4694121991116,A
407,2023-05-17 23:00:00,-45.622853314741626,A
1847,2023-05-17 23:00:00,9.574693477172712,C
1127,2023-05-17 23:00:00,22.922898056195304,B
408,2023-05-18 00:00:00,18.011019747361125,A
1128,2023-05-18 00:00:00,35.25211627250088,B
1848,2023-05-18 00:00:00,11.30922677530872,C
409,2023-05-18 01:00:00,43.89290036395458,A
1849,2023-05-18 01:00:00,5.216962759920892,C
1129,2023-05-18 01:00:00,20.683196248467375,B
1130,2023-05-18 02:00:00,35.06533728909314,B
410,2023-05-18 02:00:00,193.83967922827674,A
1850,2023-05-18 02:00:00,3.86934948783761,C
1851,2023-05-18 03:00:00,39.444368381265996,C
411,2023-05-18 03:00:00,419.78357039204457,A
1131,2023-05-18 03:00:00,92.4207169623764,B
412,2023-05-18 04:00:00,944.6523106285573,A
1132,2023-05-18 04:00:00,210.40314517987804,B
1852,2023-05-18 04:00:00,103.7516355919574,C
1133,2023-05-18 05:00:00,404.14131879366795,B
1853,2023-05-18 05:00:00,202.88508512681085,C
413,2023-05-18 05:00:00,2003.146503345338,A
1854,2023-05-18 06:00:00,391.82809772472626,C
414,2023-05-18 06:00:00,3147.944858391797,A
1134,2023-05-18 06:00:00,624.5154154827096,B
415,2023-05-18 07:00:00,4079.353222608788,A
1855,2023-05-18 07:00:00,576.4132548038548,C
1135,2023-05-18 07:00:00,787.7185236488073,B
1856,2023-05-18 08:00:00,694.8679004398429,C
1136,2023-05-18 08:00:00,903.6865714344697,B
416,2023-05-18 08:00:00,4596.652255885028,A
1137,2023-05-18 09:00:00,1000.1125780350015,B
1857,2023-05-18 09:00:00,793.3457436264191,C
417,2023-05-18 09:00:00,5185.625023020354,A
1858,2023-05-18 10:00:00,848.2624079310947,C
418,2023-05-18 10:00:00,4974.359228344648,A
1138,2023-05-18 10:00:00,1018.8062612850312,B
1859,2023-05-18 11:00:00,863.9332586313807,C
419,2023-05-18 11:00:00,4768.05301840979,A
1139,2023-05-18 11:00:00,1001.963590593435,B
1860,2023-05-18 12:00:00,863.7830926250128,C
420,2023-05-18 12:00:00,4607.86203061001,A
1140,2023-05-18 12:00:00,987.7022656718284,B
421,2023-05-18 13:00:00,4193.3086459120395,A
1861,2023-05-18 13:00:00,828.1510895455813,C
1141,2023-05-18 13:00:00,944.7536834397157,B
422,2023-05-18 14:00:00,3533.713500351148,A
1142,2023-05-18 14:00:00,755.440672365711,B
1862,2023-05-18 14:00:00,709.3642143836404,C
423,2023-05-18 15:00:00,3115.9501515246407,A
1863,2023-05-18 15:00:00,579.6522572782472,C
1143,2023-05-18 15:00:00,590.1941411802422,B
1864,2023-05-18 16:00:00,433.9377788887097,C
424,2023-05-18 16:00:00,2202.968079921086,A
1144,2023-05-18 16:00:00,403.9753249792085,B
1865,2023-05-18 17:00:00,309.48507093497227,C
1145,2023-05-18 17:00:00,252.882733819674,B
425,2023-05-18 17:00:00,1281.3719106903848,A
1866,2023-05-18 18:00:00,200.35298049893478,C
1146,2023-05-18 18:00:00,135.04101191544518,B
426,2023-05-18 18:00:00,617.7156129541603,A
1867,2023-05-18 19:00:00,108.43849793205945,C
427,2023-05-18 19:00:00,305.0774624292163,A
1147,2023-05-18 19:00:00,54.6716193141631,B
428,2023-05-18 20:00:00,122.09860075178385,A
1148,2023-05-18 20:00:00,20.2593876852742,B
1868,2023-05-18 20:00:00,58.93640259481607,C
429,2023-05-18 21:00:00,-15.067292027332348,A
1149,2023-05-18 21:00:00,12.51995943663503,B
1869,2023-05-18 21:00:00,20.137676473560493,C
430,2023-05-18 22:00:00,-21.962260295322217,A
1150,2023-05-18 22:00:00,13.028334273359473,B
1870,2023-05-18 22:00:00,16.794637545855384,C
1151,2023-05-18 23:00:00,21.80466280483243,B
1871,2023-05-18 23:00:00,15.03250663679054,C
431,2023-05-18 23:00:00,5.401003034148133,A
1872,2023-05-19 00:00:00,11.297609602805695,C
1152,2023-05-19 00:00:00,23.22594405703764,B
432,2023-05-19 00:00:00,26.511229446566357,A
1153,2023-05-19 01:00:00,15.11724839812554,B
433,2023-05-19 01:00:00,36.95679119359062,A
1873,2023-05-19 01:00:00,5.9398467301584335,C
434,2023-05-19 02:00:00,135.61683025848765,A
1874,2023-05-19 02:00:00,9.065705935057581,C
1154,2023-05-19 02:00:00,30.034935297689422,B
1875,2023-05-19 03:00:00,41.22868631936737,C
1155,2023-05-19 03:00:00,78.05791036987952,B
435,2023-05-19 03:00:00,322.8755551124368,A
436,2023-05-19 04:00:00,781.3747570767416,A
1156,2023-05-19 04:00:00,183.67561258530515,B
1876,2023-05-19 04:00:00,92.40368866255223,C
1157,2023-05-19 05:00:00,367.1354122653012,B
1877,2023-05-19 05:00:00,172.71584446694,C
437,2023-05-19 05:00:00,1379.193950264213,A
1158,2023-05-19 06:00:00,482.02174289851047,B
1878,2023-05-19 06:00:00,286.67786534128925,C
438,2023-05-19 06:00:00,2161.7958203939024,A
1159,2023-05-19 07:00:00,620.1483768888193,B
1879,2023-05-19 07:00:00,463.03068295425237,C
439,2023-05-19 07:00:00,3008.9388100875703,A
1880,2023-05-19 08:00:00,594.3402034789426,C
1160,2023-05-19 08:00:00,751.5411423302987,B
440,2023-05-19 08:00:00,3915.942451730095,A
441,2023-05-19 09:00:00,4455.7632604546725,A
1881,2023-05-19 09:00:00,679.5263575314971,C
1161,2023-05-19 09:00:00,900.253620337684,B
1162,2023-05-19 10:00:00,826.2211958360142,B
442,2023-05-19 10:00:00,3741.0522243256214,A
1882,2023-05-19 10:00:00,708.7549189360758,C
443,2023-05-19 11:00:00,2690.426428231084,A
1883,2023-05-19 11:00:00,609.0979205637934,C
1163,2023-05-19 11:00:00,654.7834981400518,B
1164,2023-05-19 12:00:00,429.1883619558069,B
444,2023-05-19 12:00:00,1628.783262311777,A
1884,2023-05-19 12:00:00,385.32502644527256,C
1165,2023-05-19 13:00:00,330.824444567246,B
445,2023-05-19 13:00:00,1178.2031645538182,A
1885,2023-05-19 13:00:00,350.3310232938994,C
1166,2023-05-19 14:00:00,382.9378734175238,B
446,2023-05-19 14:00:00,1269.8421615390246,A
1886,2023-05-19 14:00:00,297.86024170274334,C
1887,2023-05-19 15:00:00,316.84062940500627,C
447,2023-05-19 15:00:00,1184.9906773820192,A
1167,2023-05-19 15:00:00,354.16353021600736,B
1168,2023-05-19 16:00:00,273.1434080887365,B
1888,2023-05-19 16:00:00,282.04663766722996,C
448,2023-05-19 16:00:00,1140.678237215239,A
1889,2023-05-19 17:00:00,184.49741203805587,C
1169,2023-05-19 17:00:00,143.96227749593794,B
449,2023-05-19 17:00:00,631.4369416044952,A
1890,2023-05-19 18:00:00,114.47243692956381,C
450,2023-05-19 18:00:00,303.43112055733275,A
1170,2023-05-19 18:00:00,84.46248525700186,B
1171,2023-05-19 19:00:00,36.435549274065195,B
1891,2023-05-19 19:00:00,76.70993849411349,C
451,2023-05-19 19:00:00,174.12019632958254,A
452,2023-05-19 20:00:00,100.94459450687687,A
1892,2023-05-19 20:00:00,44.419532890097784,C
1172,2023-05-19 20:00:00,12.556649000546807,B
1893,2023-05-19 21:00:00,21.756319930157296,C
453,2023-05-19 21:00:00,45.0201187372039,A
1173,2023-05-19 21:00:00,13.150036131156801,B
1894,2023-05-19 22:00:00,17.32508808485374,C
454,2023-05-19 22:00:00,13.593222379039492,A
1174,2023-05-19 22:00:00,15.53161457280782,B
455,2023-05-19 23:00:00,23.170782663362594,A
1175,2023-05-19 23:00:00,25.451294315727665,B
1895,2023-05-19 23:00:00,15.505165522806141,C
1176,2023-05-20 00:00:00,21.636440982322366,B
1896,2023-05-20 00:00:00,8.65718237362729,C
456,2023-05-20 00:00:00,-17.43598325138374,A
1177,2023-05-20 01:00:00,12.113669352018098,B
1897,2023-05-20 01:00:00,3.916321550143524,C
457,2023-05-20 01:00:00,-7.358790829382248,A
1898,2023-05-20 02:00:00,7.925899352630371,C
1178,2023-05-20 02:00:00,20.477285610827696,B
458,2023-05-20 02:00:00,60.4091272834381,A
1179,2023-05-20 03:00:00,53.93785963980135,B
1899,2023-05-20 03:00:00,22.262676705937807,C
459,2023-05-20 03:00:00,189.03870017144877,A
1900,2023-05-20 04:00:00,56.11713805765098,C
460,2023-05-20 04:00:00,357.08531189821775,A
1180,2023-05-20 04:00:00,107.32840343681883,B
1181,2023-05-20 05:00:00,227.5210951150164,B
461,2023-05-20 05:00:00,864.6690739498893,A
1901,2023-05-20 05:00:00,113.50869949629323,C
1182,2023-05-20 06:00:00,458.5450974759121,B
1902,2023-05-20 06:00:00,293.7601447851527,C
462,2023-05-20 06:00:00,2235.2206969487415,A
1903,2023-05-20 07:00:00,461.0258018901076,C
1183,2023-05-20 07:00:00,623.2460273685176,B
463,2023-05-20 07:00:00,3298.753529655843,A
1184,2023-05-20 08:00:00,700.7657836837066,B
464,2023-05-20 08:00:00,4013.1179505575174,A
1904,2023-05-20 08:00:00,510.36413386395844,C
465,2023-05-20 09:00:00,4275.884996277595,A
1905,2023-05-20 09:00:00,603.4972007804323,C
1185,2023-05-20 09:00:00,798.0529096216258,B
466,2023-05-20 10:00:00,4170.806699506319,A
1906,2023-05-20 10:00:00,709.5160368388488,C
1186,2023-05-20 10:00:00,880.4570570793127,B
467,2023-05-20 11:00:00,4448.517462353075,A
1907,2023-05-20 11:00:00,792.1353317653496,C
1187,2023-05-20 11:00:00,963.9643659600852,B
1908,2023-05-20 12:00:00,817.4552404695977,C
468,2023-05-20 12:00:00,4433.445865273913,A
1188,2023-05-20 12:00:00,950.2806403273787,B
1909,2023-05-20 13:00:00,789.3658796606717,C
469,2023-05-20 13:00:00,4127.186420493274,A
1189,2023-05-20 13:00:00,901.7593046163886,B
470,2023-05-20 14:00:00,3351.921822512676,A
1910,2023-05-20 14:00:00,679.8338610124435,C
1190,2023-05-20 14:00:00,702.547987620043,B
471,2023-05-20 15:00:00,2881.1014681192746,A
1911,2023-05-20 15:00:00,569.0954340411446,C
1191,2023-05-20 15:00:00,571.0875741980974,B
1192,2023-05-20 16:00:00,401.9023856007533,B
1912,2023-05-20 16:00:00,424.9919612851042,C
472,2023-05-20 16:00:00,2073.194403205375,A
1193,2023-05-20 17:00:00,262.14470929430007,B
473,2023-05-20 17:00:00,1216.540728945752,A
1913,2023-05-20 17:00:00,310.3665253197257,C
1914,2023-05-20 18:00:00,202.91587262720125,C
474,2023-05-20 18:00:00,604.9237110204306,A
1194,2023-05-20 18:00:00,132.96033244405373,B
1195,2023-05-20 19:00:00,55.2757312349692,B
475,2023-05-20 19:00:00,296.73852277119346,A
1915,2023-05-20 19:00:00,107.80413447956002,C
1916,2023-05-20 20:00:00,62.11452494441376,C
1196,2023-05-20 20:00:00,21.0005363864677,B
476,2023-05-20 20:00:00,121.80943418951179,A
1197,2023-05-20 21:00:00,13.575734768419078,B
477,2023-05-20 21:00:00,6.4098211013508175,A
1917,2023-05-20 21:00:00,22.965115168439702,C
478,2023-05-20 22:00:00,11.612084432652663,A
1198,2023-05-20 22:00:00,15.233779566850325,B
1918,2023-05-20 22:00:00,16.646287598184717,C
1199,2023-05-20 23:00:00,24.74588235366741,B
479,2023-05-20 23:00:00,31.236036371569945,A
1919,2023-05-20 23:00:00,15.144960102866957,C
480,2023-05-21 00:00:00,-6.460263669048407,A
1920,2023-05-21 00:00:00,9.494836557053333,C
1200,2023-05-21 00:00:00,28.047192829633424,B
481,2023-05-21 01:00:00,11.833251389301415,A
1201,2023-05-21 01:00:00,24.472522038921603,B
1921,2023-05-21 01:00:00,4.830720882536534,C
1922,2023-05-21 02:00:00,9.534943254514403,C
1202,2023-05-21 02:00:00,36.77195575629123,B
482,2023-05-21 02:00:00,166.74705968712695,A
1203,2023-05-21 03:00:00,93.88208863108565,B
483,2023-05-21 03:00:00,340.68517199872537,A
1923,2023-05-21 03:00:00,38.219199956304024,C
1204,2023-05-21 04:00:00,194.96566014793603,B
484,2023-05-21 04:00:00,695.2830621114296,A
1924,2023-05-21 04:00:00,102.08558376501591,C
485,2023-05-21 05:00:00,1678.6036311723194,A
1925,2023-05-21 05:00:00,207.10370831914588,C
1205,2023-05-21 05:00:00,376.8430987631386,B
1926,2023-05-21 06:00:00,351.8077901899539,C
1206,2023-05-21 06:00:00,554.9824869625911,B
486,2023-05-21 06:00:00,2827.65827771975,A
1207,2023-05-21 07:00:00,689.413112633197,B
1927,2023-05-21 07:00:00,540.6053039497426,C
487,2023-05-21 07:00:00,3719.3732935692256,A
1928,2023-05-21 08:00:00,681.9932225173558,C
488,2023-05-21 08:00:00,4420.028472738089,A
1208,2023-05-21 08:00:00,842.5830050906536,B
1929,2023-05-21 09:00:00,793.1349903312636,C
1209,2023-05-21 09:00:00,942.427180903945,B
489,2023-05-21 09:00:00,4805.941015907671,A
490,2023-05-21 10:00:00,4976.680598364642,A
1210,2023-05-21 10:00:00,960.7606167264664,B
1930,2023-05-21 10:00:00,840.2723276417922,C
491,2023-05-21 11:00:00,4882.26287703228,A
1931,2023-05-21 11:00:00,850.6504236430595,C
1211,2023-05-21 11:00:00,955.1894639604049,B
492,2023-05-21 12:00:00,4575.691151957785,A
1932,2023-05-21 12:00:00,852.1866637563608,C
1212,2023-05-21 12:00:00,948.9288879521025,B
493,2023-05-21 13:00:00,4235.618712208656,A
1933,2023-05-21 13:00:00,822.6332574982065,C
1213,2023-05-21 13:00:00,893.7065625074758,B
1214,2023-05-21 14:00:00,719.9669043326056,B
494,2023-05-21 14:00:00,3515.9020663550655,A
1934,2023-05-21 14:00:00,691.0044743366507,C
1935,2023-05-21 15:00:00,569.2614311094267,C
1215,2023-05-21 15:00:00,568.7466508252793,B
495,2023-05-21 15:00:00,2916.533294350153,A
1216,2023-05-21 16:00:00,407.37590564480377,B
1936,2023-05-21 16:00:00,424.41412552714866,C
496,2023-05-21 16:00:00,2034.0503198965623,A
1217,2023-05-21 17:00:00,265.84106186611245,B
1937,2023-05-21 17:00:00,316.42384131893755,C
497,2023-05-21 17:00:00,1186.8755527653334,A
498,2023-05-21 18:00:00,677.8140350799113,A
1938,2023-05-21 18:00:00,205.02958629478175,C
1218,2023-05-21 18:00:00,136.40425639375732,B
1939,2023-05-21 19:00:00,110.01285777607139,C
1219,2023-05-21 19:00:00,59.09664688195919,B
499,2023-05-21 19:00:00,311.4756719366443,A
1940,2023-05-21 20:00:00,68.23414896808619,C
500,2023-05-21 20:00:00,125.31711346711913,A
1220,2023-05-21 20:00:00,18.108122126072363,B
1221,2023-05-21 21:00:00,11.117193849909189,B
1941,2023-05-21 21:00:00,24.617198444451866,C
501,2023-05-21 21:00:00,4.896329274183514,A
502,2023-05-21 22:00:00,-0.9240536480143675,A
1222,2023-05-21 22:00:00,13.359786293677185,B
1942,2023-05-21 22:00:00,17.569588469672187,C
1943,2023-05-21 23:00:00,15.875988689970365,C
503,2023-05-21 23:00:00,38.86950053811741,A
1223,2023-05-21 23:00:00,22.224684375549757,B
1944,2023-05-22 00:00:00,7.801900289581887,C
504,2023-05-22 00:00:00,-17.13562623431651,A
1224,2023-05-22 00:00:00,21.983991212203073,B
505,2023-05-22 01:00:00,-6.1048053705564245,A
1225,2023-05-22 01:00:00,11.138979256407193,B
1945,2023-05-22 01:00:00,3.1259658840142075,C
506,2023-05-22 02:00:00,155.53085437257033,A
1946,2023-05-22 02:00:00,8.021502332724793,C
1226,2023-05-22 02:00:00,22.371547454958822,B
1227,2023-05-22 03:00:00,74.0258558027492,B
507,2023-05-22 03:00:00,352.987809616042,A
1947,2023-05-22 03:00:00,38.06394680550467,C
1228,2023-05-22 04:00:00,192.922698961333,B
1948,2023-05-22 04:00:00,101.39012546750354,C
508,2023-05-22 04:00:00,703.5207161953584,A
509,2023-05-22 05:00:00,1438.4023079450124,A
1229,2023-05-22 05:00:00,335.23230758040563,B
1949,2023-05-22 05:00:00,190.850469355712,C
1950,2023-05-22 06:00:00,333.30312885398706,C
510,2023-05-22 06:00:00,2071.2207655611887,A
1230,2023-05-22 06:00:00,464.63379247539376,B
1231,2023-05-22 07:00:00,699.5149978914137,B
1951,2023-05-22 07:00:00,551.276056387785,C
511,2023-05-22 07:00:00,3511.8593580732063,A
512,2023-05-22 08:00:00,4357.416691473029,A
1232,2023-05-22 08:00:00,813.5392147606726,B
1952,2023-05-22 08:00:00,689.9133655491305,C
513,2023-05-22 09:00:00,4854.343386119935,A
1233,2023-05-22 09:00:00,871.03286887019,B
1953,2023-05-22 09:00:00,782.0226976229412,C
1954,2023-05-22 10:00:00,831.4512714426348,C
514,2023-05-22 10:00:00,4760.198396531887,A
1234,2023-05-22 10:00:00,880.2336889723172,B
515,2023-05-22 11:00:00,3872.046695536963,A
1235,2023-05-22 11:00:00,764.8740959248327,B
1955,2023-05-22 11:00:00,697.3723639854232,C
1236,2023-05-22 12:00:00,661.3678991258791,B
516,2023-05-22 12:00:00,3148.830763065895,A
1956,2023-05-22 12:00:00,605.2287315021753,C
1957,2023-05-22 13:00:00,696.6165844883471,C
1237,2023-05-22 13:00:00,719.714398976981,B
517,2023-05-22 13:00:00,3284.1058953603306,A
1958,2023-05-22 14:00:00,525.1360588397753,C
1238,2023-05-22 14:00:00,535.5895327122632,B
518,2023-05-22 14:00:00,2668.8264477869193,A
1959,2023-05-22 15:00:00,410.2523658129738,C
519,2023-05-22 15:00:00,1833.703775217916,A
1239,2023-05-22 15:00:00,400.9725233687546,B
1960,2023-05-22 16:00:00,318.1826970176938,C
520,2023-05-22 16:00:00,1434.7693348844539,A
1240,2023-05-22 16:00:00,306.12117972080205,B
1241,2023-05-22 17:00:00,188.07753698351075,B
1961,2023-05-22 17:00:00,240.0744158535859,C
521,2023-05-22 17:00:00,707.6120095925342,A
1242,2023-05-22 18:00:00,109.1607693277078,B
1962,2023-05-22 18:00:00,138.75737755622077,C
522,2023-05-22 18:00:00,367.94185232102035,A
523,2023-05-22 19:00:00,204.3476363060003,A
1243,2023-05-22 19:00:00,48.799509634444846,B
1963,2023-05-22 19:00:00,88.36509295083087,C
1964,2023-05-22 20:00:00,41.45399427319261,C
524,2023-05-22 20:00:00,70.4729898887074,A
1244,2023-05-22 20:00:00,12.568392956420569,B
1245,2023-05-22 21:00:00,9.20388455749087,B
525,2023-05-22 21:00:00,-9.494829435204519,A
1965,2023-05-22 21:00:00,16.0455650999177,C
1966,2023-05-22 22:00:00,9.158772199911422,C
526,2023-05-22 22:00:00,-38.79008609707784,A
1246,2023-05-22 22:00:00,8.807695719332958,B
527,2023-05-22 23:00:00,-32.49605661349911,A
1967,2023-05-22 23:00:00,8.234126688996554,C
1247,2023-05-22 23:00:00,17.109876227371835,B
528,2023-05-23 00:00:00,-23.79307237884085,A
1968,2023-05-23 00:00:00,8.649904809826804,C
1248,2023-05-23 00:00:00,17.046668966482986,B
529,2023-05-23 01:00:00,-22.853420533216603,A
1969,2023-05-23 01:00:00,4.736659496482718,C
1249,2023-05-23 01:00:00,8.672220510979148,B
1250,2023-05-23 02:00:00,4.886016116722756,B
1970,2023-05-23 02:00:00,1.2777898021338214,C
530,2023-05-23 02:00:00,3.329339331452649,A
1251,2023-05-23 03:00:00,23.14114120026968,B
1971,2023-05-23 03:00:00,10.304208332897714,C
531,2023-05-23 03:00:00,76.51387922056253,A
532,2023-05-23 04:00:00,273.4976534289102,A
1972,2023-05-23 04:00:00,40.60103307250061,C
1252,2023-05-23 04:00:00,73.81472798011906,B
1973,2023-05-23 05:00:00,80.86239885883717,C
533,2023-05-23 05:00:00,604.5022383758295,A
1253,2023-05-23 05:00:00,134.77237100912436,B
1974,2023-05-23 06:00:00,119.92576713083035,C
1254,2023-05-23 06:00:00,222.6113361913487,B
534,2023-05-23 06:00:00,854.0964565807565,A
1255,2023-05-23 07:00:00,325.180958951567,B
535,2023-05-23 07:00:00,1350.1505877841023,A
1975,2023-05-23 07:00:00,211.33486319607363,C
1976,2023-05-23 08:00:00,284.4786395938399,C
1256,2023-05-23 08:00:00,261.75085853384996,B
536,2023-05-23 08:00:00,1156.6395867974643,A
537,2023-05-23 09:00:00,958.7065947724093,A
1977,2023-05-23 09:00:00,226.3288607264038,C
1257,2023-05-23 09:00:00,182.12704047451894,B
538,2023-05-23 10:00:00,1446.368508016775,A
1258,2023-05-23 10:00:00,354.38500008379094,B
1978,2023-05-23 10:00:00,273.409119408611,C
1979,2023-05-23 11:00:00,472.8857605933505,C
1259,2023-05-23 11:00:00,703.6189501201486,B
539,2023-05-23 11:00:00,3012.309652527594,A
1260,2023-05-23 12:00:00,723.9350634567764,B
540,2023-05-23 12:00:00,3569.8927472412083,A
1980,2023-05-23 12:00:00,663.2036295232576,C
541,2023-05-23 13:00:00,3449.2809077142056,A
1261,2023-05-23 13:00:00,761.8217166136499,B
1981,2023-05-23 13:00:00,734.284003547958,C
1982,2023-05-23 14:00:00,643.3833180676584,C
542,2023-05-23 14:00:00,3384.909742663868,A
1262,2023-05-23 14:00:00,650.5951223330754,B
543,2023-05-23 15:00:00,2706.171436174128,A
1263,2023-05-23 15:00:00,510.0781449748871,B
1983,2023-05-23 15:00:00,536.2674547609633,C
544,2023-05-23 16:00:00,1684.5042305977254,A
1984,2023-05-23 16:00:00,385.4731730251495,C
1264,2023-05-23 16:00:00,343.7433266373951,B
545,2023-05-23 17:00:00,1127.6496440942435,A
1985,2023-05-23 17:00:00,295.54744195621333,C
1265,2023-05-23 17:00:00,222.73223364143806,B
1986,2023-05-23 18:00:00,195.98990969906725,C
546,2023-05-23 18:00:00,584.6928342950625,A
1266,2023-05-23 18:00:00,120.00209167083827,B
1987,2023-05-23 19:00:00,102.35257525264424,C
547,2023-05-23 19:00:00,321.7097942252036,A
1267,2023-05-23 19:00:00,50.41476520500311,B
1268,2023-05-23 20:00:00,11.48735170886701,B
1988,2023-05-23 20:00:00,62.21403638832222,C
548,2023-05-23 20:00:00,100.99871222373986,A
1989,2023-05-23 21:00:00,22.3956053712538,C
549,2023-05-23 21:00:00,-35.02620432327699,A
1269,2023-05-23 21:00:00,4.214318974553542,B
550,2023-05-23 22:00:00,4.125991083845354,A
1990,2023-05-23 22:00:00,16.5414400978606,C
1270,2023-05-23 22:00:00,6.017208990937637,B
1991,2023-05-23 23:00:00,14.970386976107786,C
551,2023-05-23 23:00:00,23.247869663599126,A
1271,2023-05-23 23:00:00,15.39810488549162,B
1992,2023-05-24 00:00:00,-2.6463360810704133,C
1272,2023-05-24 00:00:00,-2.269716871448614,B
552,2023-05-24 00:00:00,-61.04224993735748,A
553,2023-05-24 01:00:00,-40.60506803642504,A
1993,2023-05-24 01:00:00,-5.555815561701726,C
1273,2023-05-24 01:00:00,-4.46860709291758,B
1274,2023-05-24 02:00:00,-6.292106483730896,B
1994,2023-05-24 02:00:00,0.45230659971573584,C
554,2023-05-24 02:00:00,4.548493157381759,A
1995,2023-05-24 03:00:00,7.560159635202782,C
555,2023-05-24 03:00:00,110.21164523102372,A
1275,2023-05-24 03:00:00,12.887346993687393,B
556,2023-05-24 04:00:00,140.05930821380713,A
1996,2023-05-24 04:00:00,21.90305803990699,C
1276,2023-05-24 04:00:00,27.84897222600722,B
1277,2023-05-24 05:00:00,52.262835586252855,B
557,2023-05-24 05:00:00,255.3576030327341,A
1997,2023-05-24 05:00:00,41.978584860954406,C
558,2023-05-24 06:00:00,430.0112360986533,A
1998,2023-05-24 06:00:00,72.40283478846555,C
1278,2023-05-24 06:00:00,106.41104016803986,B
1999,2023-05-24 07:00:00,98.79046721326031,C
559,2023-05-24 07:00:00,625.5637001420954,A
1279,2023-05-24 07:00:00,152.86776883218027,B
1280,2023-05-24 08:00:00,297.98137223935254,B
2000,2023-05-24 08:00:00,162.7697715234818,C
560,2023-05-24 08:00:00,1050.049760222549,A
561,2023-05-24 09:00:00,1537.7352283950493,A
1281,2023-05-24 09:00:00,359.1717275290484,B
2001,2023-05-24 09:00:00,210.7194023906599,C
1282,2023-05-24 10:00:00,369.87632371841227,B
2002,2023-05-24 10:00:00,238.37457218261366,C
562,2023-05-24 10:00:00,1402.5070885258797,A
1283,2023-05-24 11:00:00,361.82907605875295,B
563,2023-05-24 11:00:00,1476.8801182860348,A
2003,2023-05-24 11:00:00,277.8084148787365,C
2004,2023-05-24 12:00:00,302.05524457955596,C
564,2023-05-24 12:00:00,1493.1643304683919,A
1284,2023-05-24 12:00:00,359.4186927295843,B
2005,2023-05-24 13:00:00,354.0934874888748,C
565,2023-05-24 13:00:00,1760.3705876533331,A
1285,2023-05-24 13:00:00,335.5435966886032,B
1286,2023-05-24 14:00:00,406.5724505592056,B
566,2023-05-24 14:00:00,2071.0603520240365,A
2006,2023-05-24 14:00:00,420.92288245258294,C
1287,2023-05-24 15:00:00,404.2377447259161,B
2007,2023-05-24 15:00:00,447.98031741385313,C
567,2023-05-24 15:00:00,2280.6245782716637,A
568,2023-05-24 16:00:00,1716.0323077468106,A
1288,2023-05-24 16:00:00,300.88600059740384,B
2008,2023-05-24 16:00:00,339.7769704841163,C
569,2023-05-24 17:00:00,896.9778313454686,A
2009,2023-05-24 17:00:00,225.78202038923956,C
1289,2023-05-24 17:00:00,178.08171678581564,B
570,2023-05-24 18:00:00,477.26800625987187,A
1290,2023-05-24 18:00:00,109.86860825990568,B
2010,2023-05-24 18:00:00,163.8457955500084,C
2011,2023-05-24 19:00:00,95.03811416862378,C
1291,2023-05-24 19:00:00,41.6514862306193,B
571,2023-05-24 19:00:00,205.3316851887269,A
2012,2023-05-24 20:00:00,51.330893325440044,C
1292,2023-05-24 20:00:00,8.175107767004397,B
572,2023-05-24 20:00:00,56.30104381671498,A
573,2023-05-24 21:00:00,14.32890126113865,A
2013,2023-05-24 21:00:00,23.656688102320697,C
1293,2023-05-24 21:00:00,5.513372109893406,B
2014,2023-05-24 22:00:00,16.82171036885908,C
1294,2023-05-24 22:00:00,11.70498422176544,B
574,2023-05-24 22:00:00,-6.873870122168685,A
575,2023-05-24 23:00:00,23.125986115896147,A
2015,2023-05-24 23:00:00,14.115768736227414,C
1295,2023-05-24 23:00:00,21.367566150383396,B
2016,2023-05-25 00:00:00,9.319119805070827,C
1296,2023-05-25 00:00:00,19.742981807286668,B
576,2023-05-25 00:00:00,-5.36409848327904,A
1297,2023-05-25 01:00:00,8.78778580210683,B
2017,2023-05-25 01:00:00,4.420371798707127,C
577,2023-05-25 01:00:00,22.301245468983783,A
578,2023-05-25 02:00:00,167.25764104950815,A
1298,2023-05-25 02:00:00,24.43081821192338,B
2018,2023-05-25 02:00:00,8.188983555229589,C
1299,2023-05-25 03:00:00,75.7561035826709,B
2019,2023-05-25 03:00:00,36.603569309203856,C
579,2023-05-25 03:00:00,371.43820837465057,A
580,2023-05-25 04:00:00,766.464522847074,A
1300,2023-05-25 04:00:00,175.81895180169676,B
2020,2023-05-25 04:00:00,99.8068581780502,C
581,2023-05-25 05:00:00,1696.2963357882697,A
1301,2023-05-25 05:00:00,343.8369726707317,B
2021,2023-05-25 05:00:00,198.4801346845585,C
1302,2023-05-25 06:00:00,538.0970074311778,B
582,2023-05-25 06:00:00,2759.3136529992553,A
2022,2023-05-25 06:00:00,347.08634323852925,C
583,2023-05-25 07:00:00,3690.8445881923653,A
2023,2023-05-25 07:00:00,542.6139909422357,C
1303,2023-05-25 07:00:00,666.6328901532295,B
584,2023-05-25 08:00:00,4272.285505100241,A
1304,2023-05-25 08:00:00,794.0122417817722,B
2024,2023-05-25 08:00:00,660.3391711584684,C
1305,2023-05-25 09:00:00,871.044119802798,B
2025,2023-05-25 09:00:00,756.1548606337362,C
585,2023-05-25 09:00:00,4537.829781092841,A
586,2023-05-25 10:00:00,4704.531119388276,A
1306,2023-05-25 10:00:00,855.9345924315536,B
2026,2023-05-25 10:00:00,806.3436674151143,C
587,2023-05-25 11:00:00,4541.06705297567,A
2027,2023-05-25 11:00:00,810.8486038590644,C
1307,2023-05-25 11:00:00,843.6921642182297,B
2028,2023-05-25 12:00:00,745.8185543220072,C
1308,2023-05-25 12:00:00,728.1181711096331,B
588,2023-05-25 12:00:00,4101.186339343649,A
1309,2023-05-25 13:00:00,597.9342645031144,B
589,2023-05-25 13:00:00,3348.5120592933226,A
2029,2023-05-25 13:00:00,701.7371534307583,C
1310,2023-05-25 14:00:00,529.5359839410768,B
2030,2023-05-25 14:00:00,535.3677252478163,C
590,2023-05-25 14:00:00,3170.580577380559,A
1311,2023-05-25 15:00:00,433.75900366332235,B
2031,2023-05-25 15:00:00,446.9518289642145,C
591,2023-05-25 15:00:00,2074.8664200169137,A
2032,2023-05-25 16:00:00,353.1846715078119,C
592,2023-05-25 16:00:00,1332.7027475755817,A
1312,2023-05-25 16:00:00,305.8566427634956,B
2033,2023-05-25 17:00:00,280.88365022509373,C
1313,2023-05-25 17:00:00,192.66820057815912,B
593,2023-05-25 17:00:00,855.5174168181502,A
594,2023-05-25 18:00:00,347.76996561461993,A
1314,2023-05-25 18:00:00,98.48013923013721,B
2034,2023-05-25 18:00:00,186.81584626196238,C
1315,2023-05-25 19:00:00,42.998770414830176,B
2035,2023-05-25 19:00:00,105.40000761162632,C
595,2023-05-25 19:00:00,143.1892004545557,A
2036,2023-05-25 20:00:00,64.82655261137847,C
596,2023-05-25 20:00:00,6.341561782758414,A
1316,2023-05-25 20:00:00,13.25414554898212,B
2037,2023-05-25 21:00:00,22.860111935025436,C
597,2023-05-25 21:00:00,-95.70054893380315,A
1317,2023-05-25 21:00:00,1.6723771452021812,B
2038,2023-05-25 22:00:00,15.41896900460831,C
598,2023-05-25 22:00:00,-94.71561006407453,A
1318,2023-05-25 22:00:00,7.762284371387326,B
2039,2023-05-25 23:00:00,14.87475702807356,C
599,2023-05-25 23:00:00,-18.29831382096122,A
1319,2023-05-25 23:00:00,16.029136712130093,B
2040,2023-05-26 00:00:00,9.359062954718212,C
600,2023-05-26 00:00:00,-25.630698891205203,A
1320,2023-05-26 00:00:00,19.453006022278974,B
601,2023-05-26 01:00:00,-8.894356658255276,A
2041,2023-05-26 01:00:00,4.377044649934822,C
1321,2023-05-26 01:00:00,7.523505006703329,B
602,2023-05-26 02:00:00,124.3211973296463,A
2042,2023-05-26 02:00:00,6.966018934120586,C
1322,2023-05-26 02:00:00,15.232439571088833,B
1323,2023-05-26 03:00:00,64.35133775336064,B
603,2023-05-26 03:00:00,329.6050726564653,A
2043,2023-05-26 03:00:00,33.85729959424816,C
604,2023-05-26 04:00:00,701.1502610297321,A
2044,2023-05-26 04:00:00,100.4340685501967,C
1324,2023-05-26 04:00:00,174.4549530372844,B
2045,2023-05-26 05:00:00,175.73041280954692,C
605,2023-05-26 05:00:00,1476.873239045251,A
1325,2023-05-26 05:00:00,321.8789574952648,B
1326,2023-05-26 06:00:00,476.52369721655776,B
2046,2023-05-26 06:00:00,318.0760342192844,C
606,2023-05-26 06:00:00,2531.310611214895,A
2047,2023-05-26 07:00:00,475.6238699447352,C
1327,2023-05-26 07:00:00,635.0488090236315,B
607,2023-05-26 07:00:00,3563.5786504797957,A
2048,2023-05-26 08:00:00,619.2208741780826,C
1328,2023-05-26 08:00:00,737.3067424487202,B
608,2023-05-26 08:00:00,4394.273756022464,A
609,2023-05-26 09:00:00,4609.32643329205,A
1329,2023-05-26 09:00:00,866.1542226033741,B
2049,2023-05-26 09:00:00,687.7046778075453,C
2050,2023-05-26 10:00:00,829.5214096612017,C
610,2023-05-26 10:00:00,4686.243858583955,A
1330,2023-05-26 10:00:00,888.8901720951378,B
1331,2023-05-26 11:00:00,898.9215748122136,B
2051,2023-05-26 11:00:00,857.3101878630423,C
611,2023-05-26 11:00:00,4690.502478792829,A
2052,2023-05-26 12:00:00,845.0770405352089,C
612,2023-05-26 12:00:00,4440.424695035379,A
1332,2023-05-26 12:00:00,870.4346645967374,B
2053,2023-05-26 13:00:00,812.7165730598932,C
1333,2023-05-26 13:00:00,815.0558028387675,B
613,2023-05-26 13:00:00,3869.899890685738,A
614,2023-05-26 14:00:00,2875.316437081255,A
1334,2023-05-26 14:00:00,604.6030208735688,B
2054,2023-05-26 14:00:00,662.7924206351552,C
615,2023-05-26 15:00:00,1960.961522394188,A
1335,2023-05-26 15:00:00,466.84546092188805,B
2055,2023-05-26 15:00:00,471.72244272410717,C
616,2023-05-26 16:00:00,1457.8189884232183,A
1336,2023-05-26 16:00:00,322.3139014514544,B
2056,2023-05-26 16:00:00,334.8661717966856,C
2057,2023-05-26 17:00:00,247.64266974179168,C
1337,2023-05-26 17:00:00,201.04220014466648,B
617,2023-05-26 17:00:00,882.2712469346859,A
2058,2023-05-26 18:00:00,153.66510643159063,C
618,2023-05-26 18:00:00,490.31978931176627,A
1338,2023-05-26 18:00:00,109.9827392640412,B
2059,2023-05-26 19:00:00,105.60778974386577,C
1339,2023-05-26 19:00:00,55.26331147757802,B
619,2023-05-26 19:00:00,304.57127080092505,A
1340,2023-05-26 20:00:00,15.409353114394037,B
620,2023-05-26 20:00:00,112.53891497678356,A
2060,2023-05-26 20:00:00,53.89247009519071,C
621,2023-05-26 21:00:00,22.796246992272323,A
1341,2023-05-26 21:00:00,11.245383632023842,B
2061,2023-05-26 21:00:00,23.08521035204661,C
1342,2023-05-26 22:00:00,14.01136195082874,B
2062,2023-05-26 22:00:00,14.840925163649384,C
622,2023-05-26 22:00:00,2.8012881950948576,A
2063,2023-05-26 23:00:00,13.564727616305245,C
623,2023-05-26 23:00:00,32.847429503222465,A
1343,2023-05-26 23:00:00,25.13604337618085,B
2064,2023-05-27 00:00:00,7.765554092609115,C
1344,2023-05-27 00:00:00,21.057450598598688,B
624,2023-05-27 00:00:00,47.44192052160011,A
2065,2023-05-27 01:00:00,2.5152461264144357,C
625,2023-05-27 01:00:00,63.087230881991694,A
1345,2023-05-27 01:00:00,11.432068423250174,B
626,2023-05-27 02:00:00,139.59870846253796,A
2066,2023-05-27 02:00:00,6.240769815980503,C
1346,2023-05-27 02:00:00,20.235082610912322,B
1347,2023-05-27 03:00:00,63.53538772618049,B
627,2023-05-27 03:00:00,299.72851553952694,A
2067,2023-05-27 03:00:00,36.06920032425396,C
2068,2023-05-27 04:00:00,68.34008376182734,C
1348,2023-05-27 04:00:00,111.84128065387476,B
628,2023-05-27 04:00:00,407.1835725311179,A
2069,2023-05-27 05:00:00,99.01218453607649,C
1349,2023-05-27 05:00:00,163.51906147279925,B
629,2023-05-27 05:00:00,595.1972038515931,A
1350,2023-05-27 06:00:00,220.2810530925034,B
630,2023-05-27 06:00:00,680.208952578934,A
2070,2023-05-27 06:00:00,122.8991058886387,C
1351,2023-05-27 07:00:00,251.119582880486,B
631,2023-05-27 07:00:00,841.9976792819419,A
2071,2023-05-27 07:00:00,150.13522664855458,C
632,2023-05-27 08:00:00,792.7342865903897,A
1352,2023-05-27 08:00:00,306.46911200392896,B
2072,2023-05-27 08:00:00,151.27115364542112,C
1353,2023-05-27 09:00:00,357.82008503821385,B
2073,2023-05-27 09:00:00,240.57424572073114,C
633,2023-05-27 09:00:00,1289.1670291938688,A
1354,2023-05-27 10:00:00,423.00401276306354,B
634,2023-05-27 10:00:00,1440.1666690491897,A
2074,2023-05-27 10:00:00,307.13871487369823,C
635,2023-05-27 11:00:00,1256.7377274321334,A
2075,2023-05-27 11:00:00,234.70754105290038,C
1355,2023-05-27 11:00:00,389.4033500907094,B
1356,2023-05-27 12:00:00,352.79026808619454,B
2076,2023-05-27 12:00:00,242.93158183692807,C
636,2023-05-27 12:00:00,1347.3960438077536,A
2077,2023-05-27 13:00:00,250.76122118844972,C
1357,2023-05-27 13:00:00,358.46053578277827,B
637,2023-05-27 13:00:00,836.7214014048113,A
638,2023-05-27 14:00:00,661.2286719648537,A
1358,2023-05-27 14:00:00,316.14381279074803,B
2078,2023-05-27 14:00:00,199.668234091365,C
639,2023-05-27 15:00:00,714.833368541496,A
1359,2023-05-27 15:00:00,245.0491940748479,B
2079,2023-05-27 15:00:00,205.90270629308822,C
2080,2023-05-27 16:00:00,156.54303839180977,C
1360,2023-05-27 16:00:00,146.7717758343631,B
640,2023-05-27 16:00:00,531.2715980381751,A
641,2023-05-27 17:00:00,328.8055383242627,A
1361,2023-05-27 17:00:00,87.15456346329731,B
2081,2023-05-27 17:00:00,123.49502865378126,C
1362,2023-05-27 18:00:00,53.97776147315109,B
2082,2023-05-27 18:00:00,78.24100577943518,C
642,2023-05-27 18:00:00,181.53165027121278,A
2083,2023-05-27 19:00:00,47.14297703776066,C
1363,2023-05-27 19:00:00,15.929905431258584,B
643,2023-05-27 19:00:00,104.48640620845867,A
644,2023-05-27 20:00:00,43.54445897291141,A
1364,2023-05-27 20:00:00,5.045618804928305,B
2084,2023-05-27 20:00:00,24.14880759210388,C
2085,2023-05-27 21:00:00,14.747107526350296,C
645,2023-05-27 21:00:00,-2.7427684443172806,A
1365,2023-05-27 21:00:00,-0.35839249534867346,B
1366,2023-05-27 22:00:00,1.9510036216421498,B
2086,2023-05-27 22:00:00,9.245151507406579,C
646,2023-05-27 22:00:00,-16.99519549099737,A
647,2023-05-27 23:00:00,-64.51028042060935,A
2087,2023-05-27 23:00:00,7.490284241419386,C
1367,2023-05-27 23:00:00,8.783954252660632,B
2088,2023-05-28 00:00:00,1.4504219898264235,C
648,2023-05-28 00:00:00,-12.795610650839905,A
1368,2023-05-28 00:00:00,6.422988200937601,B
2089,2023-05-28 01:00:00,-1.6451996676758285,C
649,2023-05-28 01:00:00,-7.229221534761128,A
1369,2023-05-28 01:00:00,6.166954326338617,B
1370,2023-05-28 02:00:00,5.666830521399789,B
2090,2023-05-28 02:00:00,0.8216376484457447,C
650,2023-05-28 02:00:00,14.226821549931092,A
1371,2023-05-28 03:00:00,15.367150133915061,B
2091,2023-05-28 03:00:00,0.44244900496622874,C
651,2023-05-28 03:00:00,91.40612062330293,A
2092,2023-05-28 04:00:00,20.7757475456885,C
1372,2023-05-28 04:00:00,33.131444634017534,B
652,2023-05-28 04:00:00,121.9830484546707,A
1373,2023-05-28 05:00:00,50.49427575410737,B
653,2023-05-28 05:00:00,241.35998949194155,A
2093,2023-05-28 05:00:00,36.97857246730176,C
2094,2023-05-28 06:00:00,61.88897928902925,C
654,2023-05-28 06:00:00,311.2823139345439,A
1374,2023-05-28 06:00:00,81.56028477839872,B
2095,2023-05-28 07:00:00,96.1188520620491,C
655,2023-05-28 07:00:00,555.7794500138613,A
1375,2023-05-28 07:00:00,140.9630688777115,B
1376,2023-05-28 08:00:00,132.95403149459997,B
2096,2023-05-28 08:00:00,98.12238623636796,C
656,2023-05-28 08:00:00,610.4158522333302,A
657,2023-05-28 09:00:00,508.20735853367495,A
2097,2023-05-28 09:00:00,93.29259743364157,C
1377,2023-05-28 09:00:00,109.8471554808903,B
658,2023-05-28 10:00:00,470.6005443496758,A
2098,2023-05-28 10:00:00,136.21381312415338,C
1378,2023-05-28 10:00:00,125.6526574512283,B
2099,2023-05-28 11:00:00,163.6944832719124,C
659,2023-05-28 11:00:00,518.6541916725015,A
1379,2023-05-28 11:00:00,176.99265153601283,B
660,2023-05-28 12:00:00,600.765522117756,A
2100,2023-05-28 12:00:00,178.88825044235958,C
1380,2023-05-28 12:00:00,221.45868150951623,B
2101,2023-05-28 13:00:00,202.88996218074192,C
661,2023-05-28 13:00:00,789.2590668789762,A
1381,2023-05-28 13:00:00,258.55893917400726,B
2102,2023-05-28 14:00:00,189.38131425387115,C
662,2023-05-28 14:00:00,906.6972872921218,A
1382,2023-05-28 14:00:00,232.04838805857284,B
1383,2023-05-28 15:00:00,195.2973756482724,B
2103,2023-05-28 15:00:00,176.8803894105591,C
663,2023-05-28 15:00:00,807.3733370634724,A
664,2023-05-28 16:00:00,593.2935123529809,A
2104,2023-05-28 16:00:00,139.7762976423523,C
1384,2023-05-28 16:00:00,134.08182941456116,B
1385,2023-05-28 17:00:00,99.31812455074541,B
665,2023-05-28 17:00:00,476.67698434015375,A
2105,2023-05-28 17:00:00,124.64769621087456,C
1386,2023-05-28 18:00:00,67.27489759073976,B
666,2023-05-28 18:00:00,299.06722789686944,A
2106,2023-05-28 18:00:00,100.78742699330466,C
1387,2023-05-28 19:00:00,24.539008873926445,B
2107,2023-05-28 19:00:00,56.547809198143725,C
667,2023-05-28 19:00:00,145.3527537889066,A
2108,2023-05-28 20:00:00,31.21901643451107,C
1388,2023-05-28 20:00:00,8.301467035977776,B
668,2023-05-28 20:00:00,72.91043175936451,A
669,2023-05-28 21:00:00,33.75396609214713,A
2109,2023-05-28 21:00:00,19.854018766098598,C
1389,2023-05-28 21:00:00,7.905652694443546,B
2110,2023-05-28 22:00:00,16.57820188690607,C
670,2023-05-28 22:00:00,10.671542297751829,A
1390,2023-05-28 22:00:00,7.757188004071611,B
671,2023-05-28 23:00:00,19.084140296546874,A
1391,2023-05-28 23:00:00,16.73216423859646,B
2111,2023-05-28 23:00:00,13.297810689625333,C
672,2023-05-29 00:00:00,-0.7583048402854488,A
1392,2023-05-29 00:00:00,13.81498718550433,B
2112,2023-05-29 00:00:00,5.994444812927986,C
2113,2023-05-29 01:00:00,1.230241788351505,C
673,2023-05-29 01:00:00,18.054979372805473,A
1393,2023-05-29 01:00:00,5.905014561474886,B
674,2023-05-29 02:00:00,146.09321866208123,A
2114,2023-05-29 02:00:00,4.138549956034223,C
1394,2023-05-29 02:00:00,15.283866125916944,B
675,2023-05-29 03:00:00,256.52849437468154,A
1395,2023-05-29 03:00:00,57.33969321082752,B
2115,2023-05-29 03:00:00,30.79570941883195,C
2116,2023-05-29 04:00:00,91.58097653348773,C
676,2023-05-29 04:00:00,626.1247246351552,A
1396,2023-05-29 04:00:00,138.97365262256136,B
1397,2023-05-29 05:00:00,227.18045720907008,B
2117,2023-05-29 05:00:00,162.9059349921156,C
677,2023-05-29 05:00:00,1061.9707775112279,A
678,2023-05-29 06:00:00,2193.642106032308,A
2118,2023-05-29 06:00:00,250.31896361965977,C
1398,2023-05-29 06:00:00,244.02802100083508,B
2119,2023-05-29 07:00:00,416.4378263199772,C
679,2023-05-29 07:00:00,2993.6199650013778,A
1399,2023-05-29 07:00:00,285.0590101306083,B
1400,2023-05-29 08:00:00,544.5237978756014,B
680,2023-05-29 08:00:00,3514.492055690987,A
2120,2023-05-29 08:00:00,519.9894307517035,C
1401,2023-05-29 09:00:00,757.9370032125008,B
681,2023-05-29 09:00:00,3847.487954204743,A
2121,2023-05-29 09:00:00,682.166009863637,C
2122,2023-05-29 10:00:00,734.2477228727809,C
1402,2023-05-29 10:00:00,834.4730336077803,B
682,2023-05-29 10:00:00,4069.1529968669324,A
683,2023-05-29 11:00:00,3828.0724851966124,A
2123,2023-05-29 11:00:00,668.9043678037165,C
1403,2023-05-29 11:00:00,832.1781296826688,B
684,2023-05-29 12:00:00,3606.342394588156,A
2124,2023-05-29 12:00:00,620.7183368667618,C
1404,2023-05-29 12:00:00,674.1035731634346,B
2125,2023-05-29 13:00:00,647.9396961577461,C
1405,2023-05-29 13:00:00,667.9649610320218,B
685,2023-05-29 13:00:00,3297.1162324979587,A
2126,2023-05-29 14:00:00,522.2057712950225,C
686,2023-05-29 14:00:00,2910.2772796407107,A
1406,2023-05-29 14:00:00,374.37570988449545,B
687,2023-05-29 15:00:00,1726.1097571146893,A
2127,2023-05-29 15:00:00,390.64449827042637,C
1407,2023-05-29 15:00:00,306.32450916728055,B
1408,2023-05-29 16:00:00,163.87877134661454,B
2128,2023-05-29 16:00:00,273.0366052107506,C
688,2023-05-29 16:00:00,1069.874718419843,A
1409,2023-05-29 17:00:00,129.72276537330958,B
689,2023-05-29 17:00:00,586.6046006215925,A
2129,2023-05-29 17:00:00,204.59954211399057,C
690,2023-05-29 18:00:00,348.29896443772,A
1410,2023-05-29 18:00:00,89.21322141926302,B
2130,2023-05-29 18:00:00,139.08145587355597,C
1411,2023-05-29 19:00:00,31.56353913180896,B
2131,2023-05-29 19:00:00,87.23947999383796,C
691,2023-05-29 19:00:00,220.9283990246434,A
2132,2023-05-29 20:00:00,47.076086332273874,C
692,2023-05-29 20:00:00,62.04921706248028,A
1412,2023-05-29 20:00:00,2.423151439664528,B
2133,2023-05-29 21:00:00,17.117856050831694,C
1413,2023-05-29 21:00:00,0.43787901177424277,B
693,2023-05-29 21:00:00,-52.761080328748584,A
2134,2023-05-29 22:00:00,12.3139533735216,C
694,2023-05-29 22:00:00,-43.13333655066903,A
1414,2023-05-29 22:00:00,0.8676611523994296,B
1415,2023-05-29 23:00:00,11.518001267903514,B
2135,2023-05-29 23:00:00,11.04929540793023,C
695,2023-05-29 23:00:00,-35.10577017249342,A
2136,2023-05-30 00:00:00,7.121545002142591,C
696,2023-05-30 00:00:00,0.4780153354171688,A
1416,2023-05-30 00:00:00,12.2885187307057,B
2137,2023-05-30 01:00:00,0.782032382607344,C
1417,2023-05-30 01:00:00,3.9661586298684552,B
697,2023-05-30 01:00:00,34.512696206903854,A
2138,2023-05-30 02:00:00,3.2657200226406906,C
698,2023-05-30 02:00:00,74.98228314090984,A
1418,2023-05-30 02:00:00,2.852789337816526,B
699,2023-05-30 03:00:00,242.14096709225436,A
2139,2023-05-30 03:00:00,16.980234203554957,C
1419,2023-05-30 03:00:00,32.274354250763366,B
1420,2023-05-30 04:00:00,66.0494932633393,B
700,2023-05-30 04:00:00,291.76480350837176,A
2140,2023-05-30 04:00:00,44.67972623433459,C
1421,2023-05-30 05:00:00,78.66841599336792,B
2141,2023-05-30 05:00:00,60.84402404139721,C
701,2023-05-30 05:00:00,311.52455870484334,A
1422,2023-05-30 06:00:00,74.52537519845369,B
2142,2023-05-30 06:00:00,70.18929465973238,C
702,2023-05-30 06:00:00,460.8910465149714,A
2143,2023-05-30 07:00:00,111.45630431987499,C
1423,2023-05-30 07:00:00,181.44631270503123,B
703,2023-05-30 07:00:00,478.41313628189073,A
1424,2023-05-30 08:00:00,299.62165194996976,B
704,2023-05-30 08:00:00,1552.9044391157925,A
2144,2023-05-30 08:00:00,222.90948683606302,C
705,2023-05-30 09:00:00,2501.406805736545,A
2145,2023-05-30 09:00:00,343.59464080864007,C
1425,2023-05-30 09:00:00,469.527465518616,B
706,2023-05-30 10:00:00,2870.816608012339,A
2146,2023-05-30 10:00:00,476.4845038362925,C
1426,2023-05-30 10:00:00,477.9377871234792,B
707,2023-05-30 11:00:00,3342.368033478061,A
2147,2023-05-30 11:00:00,569.4584493734518,C
1427,2023-05-30 11:00:00,597.9661279779876,B
1428,2023-05-30 12:00:00,574.1633764654252,B
708,2023-05-30 12:00:00,3239.014218447942,A
2148,2023-05-30 12:00:00,598.7066148394051,C
1429,2023-05-30 13:00:00,461.9612370424462,B
709,2023-05-30 13:00:00,2650.3595060075195,A
2149,2023-05-30 13:00:00,522.0818481086559,C
1430,2023-05-30 14:00:00,359.57058395074887,B
710,2023-05-30 14:00:00,1575.2092736231818,A
2150,2023-05-30 14:00:00,261.6673397682433,C
1431,2023-05-30 15:00:00,246.85587052125007,B
711,2023-05-30 15:00:00,1087.4185402786368,A
2151,2023-05-30 15:00:00,237.79702445582006,C
2152,2023-05-30 16:00:00,174.72443457177104,C
1432,2023-05-30 16:00:00,169.22836770077896,B
712,2023-05-30 16:00:00,831.6693860534302,A
713,2023-05-30 17:00:00,575.1808027331293,A
2153,2023-05-30 17:00:00,151.91664776299115,C
1433,2023-05-30 17:00:00,118.43039542058436,B
2154,2023-05-30 18:00:00,120.6495587777691,C
714,2023-05-30 18:00:00,331.10903176457407,A
1434,2023-05-30 18:00:00,81.44066786016799,B
715,2023-05-30 19:00:00,174.16720673102742,A
1435,2023-05-30 19:00:00,36.5219275702055,B
2155,2023-05-30 19:00:00,86.16326357991602,C
1436,2023-05-30 20:00:00,11.714444673910219,B
2156,2023-05-30 20:00:00,50.8815213501071,C
716,2023-05-30 20:00:00,76.42821706721917,A
1437,2023-05-30 21:00:00,9.043936834603496,B
2157,2023-05-30 21:00:00,21.395702250079147,C
717,2023-05-30 21:00:00,1.3450230767360474,A
2158,2023-05-30 22:00:00,14.786746132391476,C
718,2023-05-30 22:00:00,2.0385708936906477,A
1438,2023-05-30 22:00:00,9.851239305226581,B
1439,2023-05-30 23:00:00,20.98653786383871,B
719,2023-05-30 23:00:00,19.653594807706476,A
2159,2023-05-30 23:00:00,14.206277468411065,C
